# Date,aapl,dia,dis,f,googl,ibm,ko,nyt,sso,ssys,tm,tri,vz
27-Nov-09,28.0,102.0,30.0,8.0,288.0,125.0,28.0,8.0,18.0,18.0,76.0,30.0,31.0
30-Nov-09,28.0,103.0,30.0,8.0,290.0,125.0,28.0,8.0,18.0,18.0,78.0,31.0,31.0
1-Dec-09,28.0,104.0,30.0,8.0,294.0,127.0,28.0,8.0,18.0,18.0,80.0,32.0,31.0
2-Dec-09,28.0,104.0,30.0,8.0,295.0,127.0,28.0,8.0,18.0,18.0,81.0,32.0,32.0
3-Dec-09,28.0,104.0,30.0,9.0,294.0,127.0,28.0,8.0,18.0,18.0,84.0,32.0,32.0
4-Dec-09,27.0,104.0,30.0,8.0,294.0,127.0,28.0,8.0,18.0,18.0,84.0,32.0,32.0
7-Dec-09,27.0,104.0,31.0,8.0,292.0,127.0,28.0,8.0,18.0,18.0,83.0,32.0,33.0
8-Dec-09,27.0,102.0,30.0,8.0,293.0,126.0,28.0,8.0,18.0,18.0,83.0,32.0,33.0
9-Dec-09,27.0,103.0,30.0,8.0,293.0,127.0,28.0,8.0,18.0,18.0,83.0,32.0,33.0
10-Dec-09,28.0,104.0,31.0,8.0,296.0,128.0,29.0,9.0,18.0,18.0,83.0,32.0,33.0
11-Dec-09,27.0,104.0,31.0,9.0,296.0,129.0,29.0,9.0,18.0,18.0,84.0,32.0,33.0
14-Dec-09,27.0,105.0,31.0,9.0,297.0,129.0,29.0,9.0,19.0,19.0,83.0,32.0,33.0
15-Dec-09,27.0,104.0,31.0,9.0,297.0,128.0,29.0,9.0,18.0,18.0,82.0,32.0,33.0
16-Dec-09,27.0,104.0,32.0,9.0,299.0,128.0,29.0,10.0,19.0,19.0,84.0,32.0,32.0
17-Dec-09,27.0,103.0,32.0,9.0,298.0,127.0,28.0,10.0,18.0,18.0,83.0,31.0,32.0
18-Dec-09,27.0,103.0,31.0,9.0,298.0,127.0,28.0,10.0,18.0,18.0,82.0,31.0,32.0
21-Dec-09,28.0,103.0,32.0,9.0,299.0,128.0,28.0,10.0,19.0,19.0,82.0,31.0,33.0
22-Dec-09,28.0,104.0,32.0,9.0,300.0,129.0,28.0,10.0,19.0,19.0,83.0,31.0,33.0
23-Dec-09,28.0,104.0,32.0,10.0,304.0,129.0,28.0,11.0,19.0,19.0,83.0,31.0,33.0
24-Dec-09,29.0,104.0,32.0,10.0,308.0,130.0,28.0,12.0,19.0,19.0,84.0,32.0,33.0
28-Dec-09,30.0,105.0,32.0,10.0,311.0,131.0,28.0,12.0,19.0,19.0,84.0,32.0,33.0
29-Dec-09,30.0,105.0,32.0,10.0,311.0,132.0,28.0,12.0,19.0,19.0,84.0,32.0,33.0
30-Dec-09,30.0,105.0,32.0,10.0,310.0,131.0,28.0,12.0,19.0,19.0,84.0,31.0,33.0
31-Dec-09,30.0,104.0,32.0,10.0,311.0,131.0,28.0,12.0,19.0,19.0,84.0,32.0,33.0
4-Jan-10,30.0,105.0,32.0,10.0,313.0,131.0,28.0,12.0,19.0,19.0,84.0,32.0,33.0
5-Jan-10,30.0,105.0,31.0,10.0,312.0,131.0,28.0,13.0,19.0,19.0,83.0,32.0,33.0
6-Jan-10,30.0,105.0,31.0,11.0,308.0,130.0,28.0,13.0,19.0,19.0,84.0,33.0,32.0
7-Jan-10,30.0,105.0,31.0,11.0,301.0,129.0,28.0,13.0,19.0,19.0,83.0,33.0,31.0
8-Jan-10,30.0,105.0,31.0,11.0,298.0,129.0,27.0,14.0,20.0,20.0,85.0,33.0,31.0
11-Jan-10,30.0,106.0,31.0,11.0,300.0,130.0,27.0,14.0,20.0,20.0,86.0,33.0,31.0
12-Jan-10,29.0,106.0,30.0,11.0,297.0,129.0,28.0,14.0,19.0,19.0,89.0,33.0,31.0
13-Jan-10,29.0,106.0,31.0,11.0,291.0,130.0,28.0,13.0,20.0,20.0,89.0,33.0,31.0
14-Jan-10,29.0,106.0,31.0,11.0,294.0,131.0,28.0,13.0,20.0,20.0,90.0,33.0,31.0
15-Jan-10,29.0,106.0,30.0,11.0,293.0,131.0,28.0,13.0,19.0,19.0,91.0,33.0,30.0
19-Jan-10,30.0,106.0,30.0,11.0,292.0,132.0,28.0,13.0,20.0,20.0,91.0,33.0,30.0
20-Jan-10,30.0,106.0,31.0,11.0,291.0,130.0,27.0,13.0,19.0,19.0,89.0,32.0,30.0
21-Jan-10,30.0,104.0,30.0,11.0,290.0,129.0,27.0,13.0,19.0,19.0,90.0,32.0,30.0
22-Jan-10,28.0,102.0,30.0,10.0,277.0,127.0,27.0,12.0,18.0,18.0,88.0,31.0,30.0
25-Jan-10,28.0,102.0,29.0,10.0,271.0,126.0,27.0,12.0,18.0,18.0,87.0,32.0,30.0
26-Jan-10,29.0,102.0,29.0,11.0,271.0,126.0,27.0,12.0,18.0,18.0,86.0,32.0,30.0
27-Jan-10,29.0,101.0,29.0,11.0,271.0,126.0,27.0,13.0,18.0,18.0,80.0,32.0,29.0
28-Jan-10,28.0,101.0,29.0,11.0,269.0,125.0,27.0,13.0,18.0,18.0,78.0,33.0,29.0
29-Jan-10,28.0,101.0,29.0,11.0,267.0,123.0,27.0,13.0,18.0,18.0,77.0,33.0,29.0
1-Feb-10,27.0,101.0,29.0,11.0,266.0,123.0,27.0,12.0,18.0,18.0,79.0,33.0,29.0
2-Feb-10,27.0,102.0,29.0,11.0,266.0,125.0,27.0,12.0,18.0,18.0,79.0,34.0,29.0
3-Feb-10,28.0,102.0,30.0,11.0,267.0,125.0,27.0,12.0,18.0,18.0,74.0,34.0,29.0
4-Feb-10,27.0,101.0,30.0,11.0,266.0,124.0,27.0,12.0,17.0,17.0,72.0,33.0,28.0
5-Feb-10,27.0,99.0,29.0,10.0,264.0,123.0,26.0,11.0,17.0,17.0,73.0,33.0,28.0
8-Feb-10,27.0,99.0,29.0,11.0,267.0,122.0,26.0,11.0,17.0,17.0,73.0,33.0,28.0
9-Feb-10,28.0,100.0,29.0,11.0,269.0,123.0,27.0,11.0,17.0,17.0,74.0,33.0,28.0
10-Feb-10,27.0,100.0,29.0,11.0,267.0,122.0,27.0,11.0,17.0,17.0,75.0,34.0,28.0
11-Feb-10,28.0,100.0,30.0,11.0,267.0,123.0,26.0,10.0,17.0,17.0,75.0,34.0,28.0
12-Feb-10,28.0,100.0,30.0,11.0,266.0,123.0,26.0,10.0,17.0,17.0,76.0,34.0,28.0
16-Feb-10,28.0,102.0,30.0,11.0,269.0,124.0,27.0,11.0,18.0,18.0,76.0,35.0,29.0
17-Feb-10,29.0,103.0,30.0,11.0,270.0,125.0,27.0,11.0,18.0,18.0,74.0,35.0,29.0
18-Feb-10,28.0,28.0,30.0,11.0,270.0,126.0,27.0,11.0,18.0,18.0,73.0,35.0,29.0
19-Feb-10,28.0,103.0,31.0,11.0,270.0,127.0,27.0,11.0,18.0,18.0,73.0,35.0,29.0
22-Feb-10,28.0,104.0,31.0,11.0,272.0,126.0,27.0,10.0,18.0,18.0,73.0,35.0,29.0
23-Feb-10,28.0,103.0,31.0,11.0,269.0,126.0,27.0,10.0,18.0,18.0,72.0,35.0,28.0
24-Feb-10,28.0,103.0,31.0,11.0,267.0,127.0,27.0,10.0,18.0,18.0,73.0,34.0,28.0
25-Feb-10,28.0,102.0,31.0,11.0,263.0,126.0,26.0,10.0,18.0,18.0,73.0,34.0,28.0
26-Feb-10,29.0,103.0,31.0,11.0,263.0,127.0,26.0,10.0,18.0,18.0,74.0,34.0,28.0
1-Mar-10,29.0,103.0,31.0,12.0,265.0,128.0,26.0,11.0,19.0,19.0,73.0,35.0,28.0
2-Mar-10,29.0,104.0,31.0,12.0,269.0,128.0,26.0,11.0,19.0,19.0,74.0,35.0,29.0
3-Mar-10,29.0,104.0,31.0,12.0,272.0,127.0,26.0,11.0,19.0,19.0,76.0,35.0,29.0
4-Mar-10,29.0,104.0,32.0,12.0,275.0,126.0,27.0,11.0,19.0,19.0,75.0,35.0,29.0
5-Mar-10,31.0,105.0,32.0,12.0,281.0,127.0,27.0,11.0,19.0,19.0,76.0,35.0,29.0
8-Mar-10,31.0,105.0,33.0,12.0,281.0,126.0,27.0,11.0,19.0,19.0,77.0,35.0,29.0
9-Mar-10,31.0,105.0,33.0,12.0,280.0,125.0,27.0,11.0,19.0,19.0,76.0,35.0,29.0
10-Mar-10,32.0,105.0,33.0,12.0,285.0,125.0,27.0,11.0,20.0,20.0,76.0,35.0,29.0
11-Mar-10,32.0,105.0,33.0,12.0,289.0,126.0,26.0,11.0,20.0,20.0,76.0,35.0,29.0
12-Mar-10,32.0,106.0,33.0,13.0,292.0,127.0,26.0,11.0,20.0,20.0,77.0,36.0,29.0
15-Mar-10,31.0,106.0,33.0,13.0,282.0,127.0,26.0,11.0,20.0,20.0,77.0,36.0,29.0
16-Mar-10,32.0,106.0,33.0,13.0,282.0,128.0,26.0,11.0,20.0,20.0,78.0,36.0,29.0
17-Mar-10,32.0,107.0,33.0,13.0,283.0,128.0,26.0,11.0,20.0,20.0,79.0,37.0,30.0
18-Mar-10,32.0,107.0,33.0,14.0,283.0,128.0,26.0,11.0,20.0,20.0,78.0,37.0,30.0
19-Mar-10,31.0,107.0,33.0,13.0,281.0,128.0,27.0,11.0,20.0,20.0,79.0,36.0,30.0
22-Mar-10,31.0,107.0,33.0,13.0,279.0,127.0,27.0,11.0,20.0,20.0,79.0,36.0,30.0
23-Mar-10,32.0,108.0,33.0,14.0,276.0,128.0,27.0,11.0,21.0,21.0,81.0,36.0,30.0
24-Mar-10,32.0,108.0,34.0,13.0,275.0,128.0,27.0,11.0,20.0,20.0,81.0,36.0,30.0
25-Mar-10,32.0,108.0,34.0,13.0,281.0,129.0,27.0,11.0,21.0,21.0,80.0,36.0,30.0
26-Mar-10,32.0,108.0,35.0,13.0,282.0,129.0,27.0,11.0,20.0,20.0,80.0,35.0,30.0
29-Mar-10,33.0,108.0,35.0,13.0,281.0,129.0,27.0,11.0,21.0,21.0,80.0,36.0,30.0
30-Mar-10,33.0,109.0,35.0,13.0,282.0,128.0,27.0,11.0,21.0,21.0,81.0,36.0,31.0
31-Mar-10,33.0,108.0,35.0,12.0,283.0,128.0,27.0,11.0,21.0,21.0,80.0,36.0,31.0
5-Apr-10,33.0,109.0,35.0,12.0,286.0,128.0,27.0,11.0,21.0,21.0,80.0,36.0,31.0
6-Apr-10,34.0,109.0,35.0,12.0,284.0,128.0,27.0,11.0,21.0,21.0,80.0,36.0,31.0
7-Apr-10,34.0,109.0,35.0,12.0,282.0,128.0,27.0,11.0,21.0,21.0,80.0,36.0,30.0
8-Apr-10,34.0,109.0,35.0,12.0,282.0,127.0,26.0,11.0,21.0,21.0,79.0,36.0,30.0
9-Apr-10,34.0,109.0,36.0,12.0,283.0,128.0,27.0,11.0,21.0,21.0,79.0,36.0,30.0
12-Apr-10,34.0,110.0,36.0,12.0,285.0,128.0,27.0,11.0,22.0,22.0,79.0,36.0,30.0
13-Apr-10,34.0,110.0,35.0,12.0,290.0,128.0,27.0,11.0,21.0,21.0,78.0,36.0,30.0
14-Apr-10,35.0,110.0,36.0,13.0,294.0,130.0,27.0,12.0,22.0,22.0,79.0,36.0,29.0
15-Apr-10,35.0,111.0,36.0,13.0,297.0,130.0,27.0,12.0,22.0,22.0,79.0,36.0,29.0
16-Apr-10,35.0,110.0,36.0,13.0,279.0,130.0,27.0,12.0,22.0,22.0,79.0,36.0,29.0
19-Apr-10,35.0,110.0,35.0,13.0,275.0,131.0,27.0,12.0,21.0,21.0,78.0,36.0,29.0
20-Apr-10,35.0,111.0,36.0,13.0,277.0,129.0,27.0,12.0,22.0,22.0,79.0,36.0,29.0
21-Apr-10,36.0,111.0,36.0,14.0,278.0,129.0,27.0,12.0,22.0,22.0,78.0,37.0,29.0
22-Apr-10,37.0,110.0,36.0,14.0,274.0,128.0,27.0,12.0,22.0,22.0,77.0,36.0,29.0
23-Apr-10,38.0,111.0,36.0,14.0,273.0,129.0,27.0,11.0,22.0,22.0,76.0,36.0,29.0
26-Apr-10,38.0,112.0,36.0,14.0,269.0,130.0,26.0,11.0,22.0,22.0,78.0,36.0,28.0
27-Apr-10,37.0,110.0,36.0,13.0,265.0,129.0,26.0,10.0,21.0,21.0,77.0,36.0,28.0
28-Apr-10,37.0,110.0,36.0,13.0,264.0,129.0,26.0,10.0,21.0,21.0,77.0,36.0,28.0
29-Apr-10,37.0,111.0,36.0,13.0,266.0,130.0,26.0,10.0,22.0,22.0,77.0,36.0,29.0
30-Apr-10,37.0,110.0,37.0,13.0,265.0,129.0,26.0,10.0,21.0,21.0,77.0,36.0,29.0
3-May-10,37.0,111.0,37.0,13.0,264.0,129.0,26.0,10.0,22.0,22.0,77.0,36.0,29.0
4-May-10,37.0,109.0,36.0,12.0,258.0,128.0,26.0,9.0,21.0,21.0,76.0,35.0,28.0
5-May-10,36.0,108.0,35.0,12.0,253.0,127.0,26.0,9.0,20.0,20.0,75.0,36.0,28.0
6-May-10,34.0,105.0,33.0,11.0,248.0,123.0,26.0,9.0,19.0,19.0,74.0,36.0,27.0
7-May-10,33.0,104.0,33.0,11.0,247.0,122.0,26.0,9.0,19.0,19.0,74.0,36.0,28.0
10-May-10,35.0,107.0,35.0,12.0,259.0,126.0,26.0,9.0,20.0,20.0,76.0,37.0,28.0
11-May-10,36.0,107.0,35.0,12.0,256.0,126.0,26.0,9.0,20.0,20.0,77.0,38.0,28.0
12-May-10,37.0,108.0,35.0,12.0,254.0,129.0,26.0,9.0,20.0,20.0,78.0,38.0,28.0
13-May-10,37.0,108.0,35.0,12.0,257.0,131.0,26.0,9.0,20.0,20.0,77.0,38.0,28.0
14-May-10,36.0,106.0,34.0,12.0,253.0,130.0,26.0,9.0,19.0,19.0,75.0,37.0,28.0
17-May-10,36.0,106.0,34.0,11.0,252.0,130.0,26.0,9.0,19.0,19.0,76.0,37.0,28.0
18-May-10,36.0,106.0,34.0,11.0,252.0,130.0,26.0,9.0,19.0,19.0,76.0,37.0,28.0
19-May-10,35.0,104.0,33.0,11.0,247.0,129.0,26.0,9.0,18.0,18.0,75.0,36.0,28.0
20-May-10,34.0,102.0,32.0,10.0,240.0,125.0,26.0,8.0,17.0,17.0,74.0,34.0,28.0
21-May-10,33.0,100.0,32.0,10.0,236.0,123.0,25.0,8.0,17.0,17.0,74.0,34.0,27.0
24-May-10,35.0,101.0,32.0,11.0,240.0,124.0,25.0,8.0,17.0,17.0,74.0,34.0,27.0
25-May-10,34.0,99.0,31.0,10.0,236.0,123.0,25.0,8.0,17.0,17.0,73.0,34.0,27.0
26-May-10,35.0,100.0,32.0,11.0,240.0,124.0,25.0,8.0,17.0,17.0,72.0,34.0,27.0
27-May-10,35.0,101.0,33.0,11.0,243.0,125.0,25.0,9.0,18.0,18.0,73.0,35.0,27.0
28-May-10,36.0,101.0,33.0,11.0,244.0,125.0,25.0,9.0,18.0,18.0,72.0,35.0,27.0
1-Jun-10,37.0,100.0,33.0,11.0,241.0,125.0,25.0,8.0,17.0,17.0,71.0,35.0,27.0
2-Jun-10,37.0,101.0,34.0,11.0,244.0,126.0,25.0,8.0,18.0,18.0,71.0,35.0,27.0
3-Jun-10,37.0,102.0,34.0,11.0,250.0,127.0,26.0,8.0,18.0,18.0,72.0,35.0,27.0
4-Jun-10,36.0,100.0,33.0,11.0,250.0,125.0,25.0,8.0,17.0,17.0,71.0,35.0,27.0
7-Jun-10,36.0,99.0,33.0,11.0,246.0,124.0,25.0,8.0,17.0,17.0,70.0,34.0,27.0
8-Jun-10,35.0,98.0,32.0,11.0,242.0,123.0,25.0,8.0,16.0,16.0,69.0,35.0,27.0
9-Jun-10,35.0,99.0,33.0,11.0,240.0,124.0,25.0,8.0,17.0,17.0,69.0,35.0,27.0
10-Jun-10,35.0,101.0,33.0,11.0,241.0,126.0,26.0,8.0,17.0,17.0,70.0,36.0,28.0
11-Jun-10,35.0,101.0,33.0,11.0,242.0,127.0,25.0,9.0,17.0,17.0,70.0,36.0,28.0
14-Jun-10,36.0,102.0,34.0,11.0,244.0,128.0,25.0,9.0,18.0,18.0,71.0,37.0,28.0
15-Jun-10,36.0,103.0,34.0,11.0,245.0,129.0,25.0,9.0,18.0,18.0,72.0,38.0,28.0
16-Jun-10,37.0,104.0,34.0,11.0,249.0,129.0,26.0,9.0,18.0,18.0,72.0,38.0,29.0
17-Jun-10,38.0,104.0,34.0,11.0,251.0,130.0,26.0,9.0,18.0,18.0,72.0,38.0,29.0
18-Jun-10,39.0,104.0,35.0,11.0,250.0,130.0,26.0,9.0,19.0,19.0,71.0,38.0,29.0
21-Jun-10,39.0,105.0,35.0,11.0,247.0,131.0,26.0,10.0,19.0,19.0,72.0,38.0,29.0
22-Jun-10,39.0,103.0,34.0,11.0,245.0,130.0,26.0,10.0,18.0,18.0,71.0,38.0,29.0
23-Jun-10,38.0,103.0,34.0,11.0,241.0,129.0,26.0,9.0,18.0,18.0,71.0,37.0,29.0
24-Jun-10,38.0,102.0,33.0,10.0,239.0,128.0,26.0,9.0,17.0,17.0,70.0,37.0,29.0
25-Jun-10,38.0,101.0,33.0,10.0,237.0,127.0,25.0,9.0,17.0,17.0,70.0,37.0,28.0
28-Jun-10,38.0,101.0,33.0,10.0,236.0,128.0,25.0,9.0,17.0,17.0,69.0,37.0,28.0
29-Jun-10,37.0,99.0,32.0,9.0,229.0,126.0,25.0,9.0,16.0,16.0,68.0,36.0,28.0
30-Jun-10,36.0,98.0,31.0,10.0,225.0,124.0,25.0,8.0,16.0,16.0,68.0,35.0,28.0
1-Jul-10,35.0,97.0,31.0,10.0,221.0,122.0,25.0,8.0,15.0,15.0,68.0,35.0,27.0
2-Jul-10,35.0,96.0,31.0,10.0,219.0,122.0,25.0,8.0,15.0,15.0,68.0,36.0,26.0
6-Jul-10,35.0,97.0,31.0,10.0,220.0,123.0,25.0,8.0,16.0,16.0,70.0,36.0,26.0
7-Jul-10,36.0,98.0,32.0,10.0,222.0,125.0,25.0,8.0,16.0,16.0,70.0,36.0,26.0
8-Jul-10,37.0,101.0,33.0,10.0,227.0,127.0,26.0,8.0,17.0,17.0,70.0,37.0,26.0
9-Jul-10,36.0,101.0,33.0,10.0,234.0,127.0,26.0,8.0,17.0,17.0,70.0,37.0,26.0
12-Jul-10,36.0,101.0,33.0,10.0,237.0,128.0,26.0,9.0,17.0,17.0,71.0,37.0,26.0
13-Jul-10,36.0,103.0,34.0,11.0,243.0,129.0,26.0,9.0,18.0,18.0,71.0,37.0,26.0
14-Jul-10,35.0,103.0,34.0,11.0,245.0,130.0,26.0,9.0,18.0,18.0,73.0,37.0,26.0
15-Jul-10,35.0,103.0,34.0,11.0,245.0,130.0,26.0,9.0,18.0,18.0,72.0,37.0,26.0
16-Jul-10,35.0,101.0,33.0,11.0,232.0,129.0,26.0,9.0,17.0,17.0,71.0,37.0,26.0
19-Jul-10,35.0,101.0,33.0,11.0,232.0,129.0,26.0,8.0,17.0,17.0,71.0,36.0,26.0
20-Jul-10,35.0,101.0,33.0,11.0,236.0,124.0,26.0,9.0,17.0,17.0,69.0,36.0,26.0
21-Jul-10,37.0,101.0,33.0,11.0,240.0,125.0,26.0,9.0,17.0,17.0,69.0,36.0,26.0
22-Jul-10,36.0,102.0,33.0,11.0,242.0,126.0,27.0,9.0,17.0,17.0,70.0,37.0,26.0
23-Jul-10,36.0,103.0,33.0,12.0,242.0,127.0,27.0,9.0,18.0,18.0,71.0,37.0,27.0
26-Jul-10,37.0,104.0,34.0,12.0,244.0,128.0,27.0,9.0,18.0,18.0,71.0,37.0,28.0
27-Jul-10,37.0,105.0,34.0,13.0,246.0,128.0,27.0,9.0,18.0,18.0,70.0,38.0,28.0
28-Jul-10,37.0,105.0,34.0,12.0,244.0,128.0,27.0,9.0,18.0,18.0,69.0,38.0,28.0
29-Jul-10,37.0,105.0,34.0,12.0,242.0,128.0,27.0,8.0,18.0,18.0,70.0,37.0,28.0
30-Jul-10,36.0,104.0,33.0,12.0,241.0,127.0,27.0,8.0,18.0,18.0,70.0,36.0,28.0
2-Aug-10,37.0,106.0,34.0,13.0,245.0,130.0,28.0,9.0,19.0,19.0,71.0,37.0,29.0
3-Aug-10,37.0,106.0,34.0,13.0,245.0,130.0,28.0,9.0,19.0,19.0,72.0,37.0,29.0
4-Aug-10,37.0,106.0,34.0,13.0,249.0,130.0,28.0,9.0,19.0,19.0,73.0,38.0,29.0
5-Aug-10,37.0,106.0,34.0,13.0,253.0,131.0,28.0,8.0,19.0,19.0,72.0,37.0,29.0
6-Aug-10,37.0,106.0,34.0,12.0,251.0,129.0,28.0,8.0,18.0,18.0,72.0,37.0,29.0
9-Aug-10,37.0,107.0,35.0,13.0,252.0,131.0,28.0,8.0,19.0,19.0,71.0,36.0,29.0
10-Aug-10,37.0,106.0,35.0,12.0,251.0,131.0,28.0,8.0,18.0,18.0,71.0,36.0,29.0
11-Aug-10,36.0,104.0,34.0,12.0,247.0,130.0,28.0,8.0,18.0,18.0,70.0,35.0,29.0
12-Aug-10,35.0,103.0,33.0,12.0,244.0,128.0,27.0,7.0,17.0,17.0,70.0,35.0,29.0
13-Aug-10,35.0,103.0,33.0,12.0,244.0,127.0,27.0,7.0,17.0,17.0,69.0,35.0,30.0
16-Aug-10,35.0,103.0,33.0,12.0,242.0,127.0,27.0,7.0,17.0,17.0,70.0,35.0,29.0
17-Aug-10,35.0,104.0,33.0,12.0,245.0,128.0,28.0,8.0,18.0,18.0,70.0,35.0,30.0
18-Aug-10,36.0,104.0,33.0,12.0,243.0,129.0,27.0,8.0,18.0,18.0,70.0,36.0,30.0
19-Aug-10,35.0,103.0,33.0,12.0,237.0,128.0,27.0,8.0,17.0,17.0,71.0,35.0,29.0
20-Aug-10,35.0,102.0,32.0,11.0,233.0,128.0,27.0,7.0,17.0,17.0,70.0,34.0,29.0
23-Aug-10,35.0,102.0,33.0,11.0,231.0,127.0,27.0,7.0,17.0,17.0,70.0,35.0,29.0
24-Aug-10,34.0,100.0,32.0,11.0,227.0,125.0,27.0,7.0,16.0,16.0,69.0,34.0,29.0
25-Aug-10,34.0,100.0,31.0,11.0,226.0,124.0,27.0,7.0,16.0,16.0,68.0,33.0,29.0
26-Aug-10,34.0,100.0,32.0,11.0,227.0,124.0,27.0,7.0,16.0,16.0,68.0,34.0,29.0
27-Aug-10,34.0,100.0,32.0,11.0,227.0,123.0,27.0,7.0,16.0,16.0,69.0,34.0,29.0
30-Aug-10,34.0,100.0,32.0,11.0,228.0,124.0,27.0,7.0,16.0,16.0,68.0,35.0,29.0
31-Aug-10,34.0,100.0,32.0,11.0,225.0,123.0,27.0,7.0,16.0,16.0,68.0,34.0,29.0
1-Sep-10,35.0,102.0,33.0,11.0,229.0,125.0,28.0,7.0,17.0,17.0,68.0,35.0,29.0
2-Sep-10,35.0,103.0,33.0,11.0,231.0,125.0,28.0,7.0,17.0,17.0,67.0,35.0,30.0
3-Sep-10,36.0,104.0,34.0,11.0,235.0,126.0,28.0,8.0,18.0,18.0,69.0,36.0,30.0
7-Sep-10,36.0,103.0,34.0,11.0,232.0,126.0,28.0,7.0,18.0,18.0,69.0,36.0,30.0
8-Sep-10,37.0,103.0,33.0,11.0,234.0,126.0,28.0,8.0,18.0,18.0,69.0,36.0,30.0
9-Sep-10,37.0,104.0,34.0,11.0,238.0,126.0,29.0,8.0,18.0,18.0,70.0,36.0,30.0
10-Sep-10,37.0,104.0,34.0,11.0,238.0,127.0,29.0,8.0,18.0,18.0,70.0,36.0,30.0
13-Sep-10,38.0,105.0,34.0,11.0,241.0,129.0,29.0,8.0,19.0,19.0,70.0,37.0,30.0
14-Sep-10,38.0,105.0,34.0,11.0,241.0,128.0,28.0,8.0,19.0,19.0,69.0,37.0,30.0
15-Sep-10,38.0,105.0,34.0,11.0,240.0,129.0,28.0,8.0,19.0,19.0,70.0,37.0,31.0
16-Sep-10,39.0,105.0,34.0,12.0,240.0,129.0,28.0,8.0,19.0,19.0,71.0,37.0,31.0
17-Sep-10,39.0,106.0,34.0,12.0,243.0,130.0,28.0,8.0,19.0,19.0,71.0,37.0,31.0
20-Sep-10,39.0,106.0,34.0,12.0,250.0,131.0,28.0,8.0,19.0,19.0,71.0,37.0,31.0
21-Sep-10,40.0,107.0,34.0,12.0,256.0,131.0,28.0,8.0,19.0,19.0,71.0,37.0,32.0
22-Sep-10,40.0,107.0,34.0,12.0,257.0,132.0,29.0,7.0,19.0,19.0,71.0,37.0,32.0
23-Sep-10,41.0,106.0,33.0,12.0,257.0,131.0,28.0,7.0,19.0,19.0,70.0,37.0,32.0
24-Sep-10,41.0,108.0,33.0,12.0,262.0,133.0,29.0,7.0,19.0,19.0,72.0,38.0,32.0
27-Sep-10,41.0,108.0,33.0,12.0,265.0,134.0,29.0,7.0,19.0,19.0,72.0,38.0,32.0
28-Sep-10,40.0,108.0,33.0,12.0,264.0,134.0,29.0,7.0,19.0,19.0,72.0,37.0,32.0
29-Sep-10,41.0,108.0,32.0,12.0,264.0,135.0,29.0,7.0,19.0,19.0,73.0,37.0,32.0
30-Sep-10,40.0,108.0,33.0,12.0,263.0,134.0,29.0,7.0,19.0,19.0,72.0,37.0,32.0
1-Oct-10,40.0,108.0,33.0,12.0,263.0,135.0,29.0,7.0,19.0,19.0,71.0,37.0,32.0
4-Oct-10,40.0,107.0,33.0,12.0,262.0,135.0,29.0,7.0,19.0,19.0,70.0,37.0,32.0
5-Oct-10,40.0,108.0,33.0,13.0,266.0,136.0,29.0,7.0,20.0,20.0,71.0,38.0,33.0
6-Oct-10,41.0,109.0,33.0,13.0,268.0,137.0,29.0,7.0,20.0,20.0,71.0,38.0,33.0
7-Oct-10,41.0,109.0,33.0,13.0,266.0,138.0,29.0,7.0,20.0,20.0,71.0,38.0,33.0
8-Oct-10,41.0,109.0,34.0,13.0,267.0,138.0,29.0,7.0,20.0,20.0,70.0,38.0,32.0
11-Oct-10,42.0,110.0,34.0,13.0,270.0,139.0,29.0,8.0,20.0,20.0,70.0,38.0,32.0
12-Oct-10,42.0,110.0,34.0,13.0,270.0,139.0,29.0,8.0,20.0,20.0,69.0,38.0,32.0
13-Oct-10,42.0,111.0,34.0,13.0,272.0,140.0,29.0,8.0,20.0,20.0,70.0,38.0,32.0
14-Oct-10,43.0,110.0,34.0,13.0,271.0,140.0,29.0,8.0,20.0,20.0,71.0,38.0,32.0
15-Oct-10,44.0,110.0,34.0,13.0,299.0,141.0,29.0,8.0,20.0,20.0,71.0,38.0,32.0
18-Oct-10,45.0,110.0,34.0,13.0,305.0,141.0,29.0,8.0,21.0,21.0,72.0,38.0,32.0
19-Oct-10,43.0,110.0,34.0,13.0,304.0,137.0,30.0,7.0,20.0,20.0,71.0,37.0,32.0
20-Oct-10,44.0,110.0,34.0,13.0,305.0,138.0,30.0,7.0,20.0,20.0,71.0,38.0,32.0
21-Oct-10,44.0,111.0,34.0,13.0,305.0,139.0,30.0,7.0,21.0,21.0,71.0,38.0,32.0
22-Oct-10,44.0,111.0,34.0,13.0,306.0,140.0,30.0,7.0,21.0,21.0,71.0,38.0,32.0
25-Oct-10,44.0,111.0,35.0,14.0,309.0,140.0,30.0,7.0,21.0,21.0,71.0,38.0,32.0
26-Oct-10,43.0,111.0,35.0,14.0,308.0,140.0,30.0,7.0,21.0,21.0,70.0,38.0,32.0
27-Oct-10,43.0,111.0,35.0,14.0,308.0,140.0,30.0,7.0,21.0,21.0,70.0,38.0,32.0
28-Oct-10,43.0,111.0,36.0,14.0,309.0,141.0,30.0,7.0,21.0,21.0,70.0,38.0,32.0
29-Oct-10,43.0,111.0,36.0,14.0,308.0,142.0,30.0,7.0,21.0,21.0,70.0,38.0,32.0
1-Nov-10,43.0,111.0,36.0,14.0,308.0,143.0,30.0,7.0,21.0,21.0,69.0,38.0,32.0
2-Nov-10,44.0,112.0,36.0,14.0,308.0,144.0,30.0,7.0,21.0,21.0,70.0,38.0,32.0
3-Nov-10,44.0,111.0,36.0,14.0,309.0,143.0,30.0,7.0,21.0,21.0,70.0,38.0,32.0
4-Nov-10,45.0,113.0,36.0,15.0,312.0,145.0,31.0,8.0,22.0,22.0,72.0,38.0,33.0
5-Nov-10,45.0,114.0,37.0,16.0,312.0,146.0,31.0,8.0,22.0,22.0,73.0,38.0,33.0
8-Nov-10,45.0,114.0,37.0,16.0,313.0,145.0,31.0,8.0,22.0,22.0,73.0,37.0,33.0
9-Nov-10,45.0,113.0,36.0,16.0,313.0,146.0,31.0,8.0,22.0,22.0,73.0,37.0,33.0
10-Nov-10,45.0,113.0,36.0,16.0,310.0,146.0,31.0,8.0,22.0,22.0,74.0,37.0,32.0
11-Nov-10,45.0,112.0,36.0,16.0,309.0,144.0,31.0,8.0,22.0,22.0,75.0,38.0,32.0
12-Nov-10,44.0,112.0,37.0,16.0,304.0,144.0,31.0,8.0,21.0,21.0,75.0,37.0,32.0
15-Nov-10,44.0,112.0,37.0,16.0,299.0,143.0,31.0,8.0,21.0,21.0,75.0,37.0,32.0
16-Nov-10,43.0,110.0,36.0,16.0,295.0,142.0,31.0,7.0,21.0,21.0,75.0,36.0,32.0
17-Nov-10,42.0,110.0,37.0,16.0,292.0,142.0,31.0,7.0,21.0,21.0,75.0,36.0,32.0
18-Nov-10,43.0,111.0,37.0,16.0,297.0,143.0,31.0,7.0,21.0,21.0,77.0,36.0,32.0
19-Nov-10,43.0,111.0,37.0,16.0,297.0,144.0,31.0,8.0,21.0,21.0,78.0,36.0,32.0
22-Nov-10,44.0,111.0,36.0,16.0,294.0,144.0,32.0,8.0,21.0,21.0,78.0,36.0,32.0
23-Nov-10,44.0,110.0,36.0,15.0,292.0,143.0,31.0,8.0,21.0,21.0,77.0,36.0,32.0
24-Nov-10,44.0,111.0,36.0,15.0,296.0,145.0,32.0,9.0,21.0,21.0,78.0,36.0,32.0
26-Nov-10,44.0,110.0,36.0,15.0,295.0,144.0,32.0,9.0,21.0,21.0,78.0,36.0,32.0
29-Nov-10,45.0,110.0,36.0,16.0,292.0,142.0,31.0,8.0,21.0,21.0,77.0,36.0,31.0
30-Nov-10,44.0,110.0,36.0,15.0,282.0,141.0,31.0,8.0,21.0,21.0,77.0,36.0,31.0
1-Dec-10,45.0,112.0,37.0,16.0,282.0,144.0,32.0,9.0,21.0,21.0,79.0,36.0,32.0
2-Dec-10,45.0,113.0,37.0,16.0,285.0,144.0,32.0,9.0,22.0,22.0,78.0,37.0,32.0
3-Dec-10,45.0,113.0,37.0,16.0,286.0,144.0,32.0,9.0,22.0,22.0,78.0,37.0,32.0
6-Dec-10,45.0,113.0,37.0,16.0,289.0,144.0,32.0,9.0,22.0,22.0,79.0,37.0,32.0
7-Dec-10,45.0,114.0,37.0,16.0,294.0,145.0,32.0,9.0,22.0,22.0,78.0,37.0,33.0
8-Dec-10,45.0,113.0,37.0,16.0,295.0,144.0,32.0,9.0,22.0,22.0,78.0,36.0,33.0
9-Dec-10,45.0,114.0,36.0,16.0,296.0,144.0,32.0,9.0,23.0,23.0,78.0,36.0,33.0
10-Dec-10,45.0,114.0,36.0,16.0,296.0,144.0,32.0,9.0,23.0,23.0,77.0,36.0,33.0
13-Dec-10,46.0,114.0,37.0,16.0,298.0,144.0,32.0,9.0,23.0,23.0,77.0,37.0,34.0
14-Dec-10,45.0,114.0,37.0,16.0,298.0,145.0,32.0,9.0,23.0,23.0,78.0,36.0,34.0
15-Dec-10,45.0,114.0,37.0,16.0,296.0,144.0,32.0,9.0,23.0,23.0,78.0,36.0,34.0
16-Dec-10,45.0,115.0,37.0,16.0,296.0,144.0,32.0,9.0,23.0,23.0,78.0,36.0,34.0
17-Dec-10,45.0,114.0,36.0,16.0,295.0,144.0,32.0,9.0,23.0,23.0,77.0,36.0,34.0
20-Dec-10,45.0,114.0,37.0,16.0,297.0,144.0,32.0,9.0,23.0,23.0,77.0,36.0,34.0
21-Dec-10,46.0,115.0,37.0,16.0,300.0,145.0,32.0,9.0,23.0,23.0,77.0,36.0,34.0
22-Dec-10,46.0,115.0,37.0,16.0,302.0,145.0,32.0,9.0,23.0,23.0,77.0,36.0,35.0
23-Dec-10,46.0,115.0,37.0,16.0,302.0,145.0,32.0,9.0,23.0,23.0,77.0,37.0,35.0
27-Dec-10,46.0,115.0,37.0,16.0,301.0,145.0,32.0,9.0,23.0,23.0,77.0,37.0,35.0
28-Dec-10,46.0,115.0,37.0,16.0,300.0,145.0,32.0,9.0,24.0,24.0,78.0,37.0,35.0
29-Dec-10,46.0,115.0,37.0,16.0,300.0,146.0,32.0,9.0,24.0,24.0,78.0,37.0,35.0
30-Dec-10,46.0,115.0,37.0,16.0,299.0,146.0,32.0,9.0,24.0,24.0,78.0,37.0,35.0
31-Dec-10,46.0,115.0,37.0,16.0,297.0,146.0,32.0,9.0,23.0,23.0,78.0,37.0,35.0
3-Jan-11,46.0,116.0,37.0,17.0,300.0,147.0,32.0,9.0,24.0,24.0,79.0,37.0,36.0
4-Jan-11,47.0,116.0,38.0,17.0,302.0,147.0,32.0,9.0,24.0,24.0,79.0,37.0,36.0
5-Jan-11,47.0,116.0,39.0,17.0,302.0,147.0,31.0,10.0,24.0,24.0,79.0,37.0,37.0
6-Jan-11,47.0,116.0,39.0,18.0,306.0,147.0,31.0,10.0,24.0,24.0,81.0,37.0,36.0
7-Jan-11,47.0,116.0,39.0,18.0,307.0,148.0,31.0,10.0,24.0,24.0,82.0,37.0,35.0
10-Jan-11,48.0,116.0,39.0,18.0,306.0,147.0,31.0,10.0,24.0,24.0,82.0,37.0,36.0
11-Jan-11,48.0,116.0,39.0,18.0,308.0,147.0,31.0,10.0,24.0,24.0,83.0,37.0,35.0
12-Jan-11,49.0,117.0,39.0,18.0,309.0,148.0,31.0,10.0,24.0,24.0,84.0,38.0,35.0
13-Jan-11,49.0,117.0,39.0,18.0,308.0,148.0,31.0,10.0,25.0,25.0,85.0,38.0,35.0
14-Jan-11,49.0,117.0,39.0,18.0,310.0,149.0,31.0,10.0,25.0,25.0,85.0,38.0,35.0
18-Jan-11,47.0,118.0,39.0,18.0,316.0,150.0,31.0,10.0,25.0,25.0,85.0,38.0,34.0
19-Jan-11,49.0,118.0,39.0,18.0,318.0,154.0,31.0,10.0,25.0,25.0,84.0,38.0,34.0
20-Jan-11,47.0,117.0,39.0,17.0,314.0,155.0,31.0,10.0,24.0,24.0,83.0,37.0,34.0
21-Jan-11,47.0,118.0,39.0,17.0,313.0,155.0,31.0,10.0,25.0,25.0,81.0,38.0,34.0
24-Jan-11,47.0,118.0,39.0,17.0,304.0,157.0,31.0,10.0,25.0,25.0,82.0,39.0,35.0
25-Jan-11,48.0,119.0,39.0,17.0,307.0,161.0,31.0,10.0,25.0,25.0,83.0,39.0,35.0
26-Jan-11,49.0,119.0,39.0,18.0,309.0,161.0,31.0,10.0,25.0,25.0,82.0,39.0,36.0
27-Jan-11,49.0,119.0,39.0,18.0,308.0,161.0,31.0,10.0,25.0,25.0,83.0,40.0,36.0
28-Jan-11,48.0,118.0,39.0,16.0,305.0,160.0,31.0,10.0,25.0,25.0,81.0,39.0,36.0
31-Jan-11,48.0,118.0,38.0,16.0,300.0,160.0,31.0,10.0,24.0,24.0,82.0,39.0,35.0
1-Feb-11,49.0,119.0,39.0,16.0,304.0,162.0,31.0,10.0,25.0,25.0,82.0,40.0,36.0
2-Feb-11,49.0,120.0,40.0,15.0,305.0,163.0,31.0,10.0,25.0,25.0,84.0,41.0,36.0
3-Feb-11,48.0,120.0,40.0,15.0,304.0,163.0,31.0,10.0,25.0,25.0,84.0,41.0,36.0
4-Feb-11,49.0,120.0,40.0,15.0,305.0,163.0,31.0,10.0,25.0,25.0,84.0,41.0,36.0
7-Feb-11,50.0,121.0,40.0,16.0,306.0,164.0,31.0,10.0,26.0,26.0,84.0,41.0,36.0
8-Feb-11,50.0,121.0,41.0,16.0,308.0,165.0,31.0,10.0,26.0,26.0,87.0,41.0,36.0
9-Feb-11,50.0,122.0,43.0,16.0,308.0,165.0,31.0,10.0,26.0,26.0,89.0,41.0,36.0
10-Feb-11,50.0,121.0,43.0,15.0,307.0,164.0,31.0,10.0,26.0,26.0,89.0,40.0,36.0
11-Feb-11,50.0,122.0,43.0,16.0,309.0,164.0,31.0,10.0,26.0,26.0,89.0,40.0,36.0
14-Feb-11,51.0,122.0,43.0,16.0,312.0,163.0,31.0,10.0,26.0,26.0,92.0,40.0,36.0
15-Feb-11,51.0,122.0,43.0,16.0,313.0,162.0,31.0,10.0,26.0,26.0,93.0,39.0,36.0
16-Feb-11,51.0,122.0,43.0,16.0,312.0,163.0,31.0,10.0,27.0,27.0,93.0,39.0,36.0
17-Feb-11,51.0,122.0,43.0,15.0,312.0,163.0,31.0,10.0,27.0,27.0,93.0,39.0,36.0
18-Feb-11,50.0,123.0,43.0,15.0,314.0,164.0,32.0,10.0,27.0,27.0,93.0,39.0,36.0
22-Feb-11,48.0,122.0,42.0,15.0,308.0,162.0,31.0,10.0,26.0,26.0,91.0,39.0,36.0
23-Feb-11,48.0,121.0,42.0,14.0,305.0,161.0,31.0,10.0,26.0,26.0,90.0,38.0,35.0
24-Feb-11,48.0,120.0,42.0,14.0,304.0,160.0,32.0,9.0,25.0,25.0,89.0,38.0,35.0
25-Feb-11,49.0,121.0,42.0,14.0,306.0,161.0,32.0,9.0,26.0,26.0,91.0,39.0,35.0
28-Feb-11,50.0,121.0,43.0,15.0,306.0,162.0,32.0,10.0,26.0,26.0,93.0,39.0,36.0
1-Mar-11,50.0,121.0,43.0,14.0,304.0,161.0,32.0,10.0,26.0,26.0,93.0,39.0,36.0
2-Mar-11,50.0,120.0,43.0,14.0,300.0,160.0,32.0,10.0,25.0,25.0,91.0,39.0,36.0
3-Mar-11,51.0,121.0,43.0,14.0,304.0,162.0,32.0,10.0,26.0,26.0,91.0,39.0,36.0
4-Mar-11,51.0,121.0,43.0,14.0,302.0,162.0,32.0,10.0,26.0,26.0,91.0,39.0,36.0
7-Mar-11,51.0,121.0,43.0,14.0,298.0,160.0,32.0,9.0,26.0,26.0,89.0,39.0,36.0
8-Mar-11,50.0,121.0,43.0,14.0,296.0,161.0,32.0,9.0,26.0,26.0,89.0,39.0,36.0
9-Mar-11,50.0,121.0,43.0,14.0,295.0,165.0,32.0,9.0,26.0,26.0,89.0,39.0,36.0
10-Mar-11,49.0,120.0,42.0,14.0,291.0,163.0,32.0,9.0,25.0,25.0,87.0,39.0,36.0
11-Mar-11,49.0,119.0,42.0,14.0,288.0,162.0,32.0,9.0,25.0,25.0,85.0,39.0,36.0
14-Mar-11,50.0,119.0,42.0,14.0,286.0,161.0,32.0,9.0,25.0,25.0,81.0,39.0,35.0
15-Mar-11,49.0,117.0,41.0,14.0,281.0,158.0,31.0,8.0,24.0,24.0,79.0,38.0,34.0
16-Mar-11,47.0,116.0,40.0,14.0,281.0,154.0,31.0,8.0,24.0,24.0,81.0,38.0,34.0
17-Mar-11,47.0,117.0,40.0,14.0,282.0,153.0,31.0,9.0,24.0,24.0,82.0,38.0,35.0
18-Mar-11,47.0,118.0,41.0,14.0,281.0,155.0,31.0,9.0,25.0,25.0,80.0,38.0,35.0
21-Mar-11,48.0,119.0,41.0,14.0,287.0,158.0,31.0,9.0,25.0,25.0,83.0,38.0,36.0
22-Mar-11,48.0,120.0,41.0,14.0,288.0,158.0,31.0,9.0,25.0,25.0,82.0,38.0,36.0
23-Mar-11,48.0,120.0,41.0,14.0,289.0,158.0,31.0,9.0,25.0,25.0,81.0,38.0,36.0
24-Mar-11,48.0,121.0,42.0,14.0,292.0,159.0,32.0,9.0,25.0,25.0,80.0,38.0,37.0
25-Mar-11,49.0,121.0,42.0,15.0,291.0,161.0,32.0,9.0,26.0,26.0,80.0,38.0,37.0
28-Mar-11,50.0,122.0,42.0,14.0,289.0,161.0,32.0,9.0,26.0,26.0,80.0,38.0,37.0
29-Mar-11,49.0,122.0,42.0,14.0,289.0,162.0,32.0,9.0,26.0,26.0,79.0,38.0,37.0
30-Mar-11,49.0,123.0,43.0,14.0,291.0,163.0,32.0,9.0,26.0,26.0,80.0,39.0,38.0
31-Mar-11,49.0,123.0,43.0,14.0,292.0,163.0,33.0,9.0,26.0,26.0,80.0,39.0,38.0
1-Apr-11,49.0,123.0,43.0,15.0,295.0,163.0,33.0,9.0,26.0,26.0,80.0,39.0,38.0
4-Apr-11,48.0,123.0,42.0,15.0,295.0,164.0,33.0,9.0,26.0,26.0,79.0,39.0,38.0
5-Apr-11,48.0,123.0,42.0,15.0,287.0,164.0,33.0,9.0,26.0,26.0,77.0,39.0,38.0
6-Apr-11,48.0,124.0,42.0,15.0,286.0,164.0,33.0,9.0,27.0,27.0,77.0,39.0,37.0
7-Apr-11,48.0,123.0,42.0,15.0,289.0,164.0,33.0,9.0,26.0,26.0,77.0,39.0,37.0
8-Apr-11,48.0,123.0,41.0,15.0,291.0,163.0,33.0,9.0,26.0,26.0,78.0,39.0,37.0
11-Apr-11,47.0,123.0,41.0,15.0,288.0,163.0,33.0,9.0,26.0,26.0,76.0,39.0,37.0
12-Apr-11,47.0,122.0,41.0,14.0,286.0,163.0,33.0,9.0,26.0,26.0,77.0,39.0,37.0
13-Apr-11,47.0,122.0,41.0,14.0,287.0,164.0,33.0,9.0,26.0,26.0,78.0,39.0,37.0
14-Apr-11,47.0,122.0,41.0,14.0,288.0,164.0,33.0,8.0,26.0,26.0,77.0,39.0,37.0
15-Apr-11,47.0,122.0,41.0,14.0,269.0,165.0,34.0,8.0,26.0,26.0,77.0,39.0,37.0
18-Apr-11,46.0,121.0,40.0,14.0,262.0,164.0,33.0,8.0,25.0,25.0,77.0,39.0,37.0
19-Apr-11,47.0,122.0,41.0,14.0,263.0,165.0,33.0,8.0,25.0,25.0,76.0,40.0,37.0
20-Apr-11,49.0,124.0,42.0,15.0,262.0,163.0,33.0,9.0,26.0,26.0,77.0,41.0,37.0
21-Apr-11,50.0,124.0,42.0,15.0,263.0,166.0,33.0,8.0,27.0,27.0,77.0,41.0,36.0
25-Apr-11,50.0,124.0,42.0,15.0,262.0,167.0,33.0,8.0,27.0,27.0,79.0,40.0,37.0
26-Apr-11,50.0,125.0,42.0,15.0,265.0,168.0,33.0,8.0,27.0,27.0,78.0,41.0,37.0
27-Apr-11,50.0,126.0,42.0,15.0,268.0,169.0,33.0,8.0,27.0,27.0,78.0,41.0,37.0
28-Apr-11,49.0,126.0,42.0,15.0,268.0,170.0,33.0,8.0,27.0,27.0,79.0,40.0,38.0
29-Apr-11,49.0,127.0,43.0,15.0,271.0,171.0,33.0,8.0,28.0,28.0,79.0,40.0,37.0
2-May-11,49.0,128.0,43.0,15.0,271.0,172.0,33.0,8.0,28.0,28.0,80.0,40.0,37.0
3-May-11,49.0,127.0,43.0,15.0,268.0,172.0,33.0,8.0,27.0,27.0,79.0,39.0,37.0
4-May-11,49.0,127.0,42.0,15.0,268.0,171.0,33.0,8.0,27.0,27.0,79.0,39.0,37.0
5-May-11,49.0,125.0,42.0,15.0,267.0,169.0,33.0,8.0,27.0,27.0,79.0,39.0,37.0
6-May-11,49.0,126.0,43.0,15.0,269.0,169.0,33.0,8.0,27.0,27.0,79.0,39.0,37.0
9-May-11,49.0,126.0,43.0,15.0,268.0,168.0,33.0,7.0,27.0,27.0,79.0,39.0,37.0
10-May-11,49.0,127.0,43.0,15.0,270.0,169.0,33.0,7.0,27.0,27.0,80.0,39.0,37.0
11-May-11,49.0,126.0,41.0,15.0,269.0,169.0,33.0,7.0,27.0,27.0,81.0,39.0,37.0
12-May-11,49.0,126.0,41.0,15.0,267.0,170.0,33.0,7.0,27.0,27.0,83.0,39.0,37.0
13-May-11,49.0,126.0,41.0,15.0,266.0,170.0,34.0,7.0,27.0,27.0,83.0,39.0,37.0
16-May-11,48.0,125.0,41.0,15.0,261.0,169.0,33.0,7.0,26.0,26.0,82.0,38.0,37.0
17-May-11,47.0,124.0,40.0,15.0,261.0,169.0,33.0,7.0,26.0,26.0,81.0,38.0,37.0
18-May-11,48.0,125.0,41.0,15.0,264.0,170.0,34.0,7.0,27.0,27.0,81.0,38.0,37.0
19-May-11,48.0,126.0,41.0,15.0,266.0,170.0,34.0,7.0,27.0,27.0,80.0,38.0,37.0
20-May-11,48.0,125.0,41.0,15.0,264.0,170.0,34.0,7.0,27.0,27.0,80.0,38.0,37.0
23-May-11,47.0,123.0,41.0,14.0,258.0,168.0,33.0,7.0,26.0,26.0,79.0,38.0,36.0
24-May-11,47.0,123.0,41.0,14.0,260.0,168.0,33.0,7.0,26.0,26.0,79.0,38.0,36.0
25-May-11,47.0,123.0,41.0,14.0,259.0,167.0,33.0,7.0,26.0,26.0,81.0,38.0,36.0
26-May-11,47.0,123.0,40.0,14.0,259.0,167.0,33.0,7.0,26.0,26.0,82.0,38.0,36.0
27-May-11,48.0,124.0,41.0,14.0,259.0,167.0,33.0,7.0,26.0,26.0,82.0,38.0,36.0
31-May-11,49.0,125.0,41.0,14.0,263.0,168.0,33.0,7.0,27.0,27.0,83.0,39.0,36.0
1-Jun-11,49.0,123.0,40.0,14.0,264.0,167.0,33.0,7.0,26.0,26.0,82.0,38.0,36.0
2-Jun-11,49.0,122.0,40.0,14.0,263.0,166.0,33.0,7.0,26.0,26.0,80.0,38.0,36.0
3-Jun-11,49.0,121.0,39.0,13.0,262.0,164.0,32.0,7.0,25.0,25.0,80.0,37.0,35.0
6-Jun-11,48.0,120.0,39.0,13.0,261.0,164.0,32.0,8.0,25.0,25.0,80.0,37.0,35.0
7-Jun-11,47.0,120.0,39.0,14.0,260.0,164.0,32.0,8.0,25.0,25.0,81.0,37.0,35.0
8-Jun-11,47.0,120.0,39.0,13.0,259.0,163.0,32.0,8.0,24.0,24.0,81.0,37.0,35.0
9-Jun-11,47.0,120.0,39.0,13.0,259.0,165.0,33.0,8.0,25.0,25.0,81.0,37.0,35.0
10-Jun-11,46.0,120.0,38.0,13.0,256.0,163.0,32.0,7.0,24.0,24.0,80.0,37.0,35.0
13-Jun-11,46.0,119.0,38.0,13.0,253.0,163.0,32.0,7.0,24.0,24.0,79.0,36.0,35.0
14-Jun-11,47.0,120.0,38.0,13.0,254.0,164.0,32.0,7.0,25.0,25.0,80.0,37.0,35.0
15-Jun-11,46.0,119.0,38.0,13.0,252.0,162.0,32.0,7.0,24.0,24.0,79.0,36.0,35.0
16-Jun-11,46.0,119.0,38.0,12.0,251.0,162.0,32.0,7.0,24.0,24.0,79.0,36.0,35.0
17-Jun-11,46.0,119.0,38.0,12.0,248.0,164.0,32.0,8.0,24.0,24.0,79.0,37.0,35.0
20-Jun-11,45.0,120.0,38.0,12.0,242.0,164.0,32.0,8.0,24.0,24.0,79.0,36.0,35.0
21-Jun-11,45.0,121.0,38.0,13.0,245.0,165.0,33.0,8.0,25.0,25.0,80.0,37.0,35.0
22-Jun-11,46.0,121.0,38.0,13.0,244.0,165.0,33.0,8.0,25.0,25.0,80.0,36.0,35.0
23-Jun-11,46.0,119.0,37.0,13.0,240.0,165.0,32.0,8.0,24.0,24.0,80.0,36.0,35.0
24-Jun-11,47.0,119.0,37.0,13.0,238.0,165.0,32.0,8.0,24.0,24.0,81.0,36.0,36.0
27-Jun-11,47.0,119.0,37.0,13.0,240.0,166.0,32.0,8.0,24.0,24.0,79.0,36.0,36.0
28-Jun-11,47.0,121.0,38.0,13.0,244.0,169.0,32.0,8.0,25.0,25.0,79.0,36.0,36.0
29-Jun-11,47.0,122.0,38.0,13.0,248.0,170.0,33.0,8.0,25.0,25.0,81.0,37.0,36.0
30-Jun-11,47.0,123.0,38.0,13.0,252.0,171.0,33.0,8.0,26.0,26.0,82.0,37.0,37.0
1-Jul-11,48.0,125.0,39.0,13.0,257.0,173.0,33.0,8.0,27.0,27.0,82.0,37.0,37.0
5-Jul-11,49.0,125.0,39.0,14.0,265.0,174.0,34.0,8.0,27.0,27.0,83.0,37.0,37.0
6-Jul-11,50.0,125.0,39.0,14.0,267.0,176.0,34.0,8.0,27.0,27.0,84.0,37.0,37.0
7-Jul-11,50.0,126.0,39.0,14.0,272.0,176.0,34.0,9.0,27.0,27.0,84.0,37.0,37.0
8-Jul-11,50.0,126.0,39.0,13.0,266.0,175.0,34.0,9.0,27.0,27.0,84.0,36.0,37.0
11-Jul-11,50.0,125.0,39.0,13.0,264.0,175.0,33.0,8.0,26.0,26.0,83.0,36.0,37.0
12-Jul-11,50.0,124.0,39.0,13.0,266.0,174.0,33.0,8.0,26.0,26.0,83.0,36.0,37.0
13-Jul-11,51.0,125.0,39.0,13.0,269.0,174.0,34.0,8.0,26.0,26.0,84.0,36.0,37.0
14-Jul-11,51.0,124.0,39.0,13.0,267.0,174.0,33.0,8.0,26.0,26.0,84.0,36.0,37.0
15-Jul-11,51.0,124.0,39.0,13.0,298.0,175.0,33.0,8.0,26.0,26.0,83.0,36.0,36.0
18-Jul-11,52.0,123.0,38.0,12.0,297.0,175.0,33.0,8.0,25.0,25.0,83.0,35.0,36.0
19-Jul-11,53.0,125.0,39.0,13.0,300.0,181.0,34.0,8.0,26.0,26.0,84.0,35.0,36.0
20-Jul-11,55.0,125.0,39.0,13.0,299.0,183.0,34.0,8.0,26.0,26.0,84.0,36.0,37.0
21-Jul-11,55.0,126.0,40.0,13.0,300.0,184.0,34.0,9.0,27.0,27.0,84.0,36.0,37.0
22-Jul-11,55.0,126.0,40.0,13.0,306.0,184.0,34.0,9.0,27.0,27.0,85.0,35.0,36.0
25-Jul-11,56.0,125.0,40.0,13.0,309.0,183.0,34.0,9.0,27.0,27.0,84.0,35.0,36.0
26-Jul-11,57.0,125.0,40.0,13.0,310.0,183.0,34.0,9.0,27.0,27.0,84.0,34.0,36.0
27-Jul-11,56.0,123.0,39.0,12.0,306.0,181.0,34.0,8.0,26.0,26.0,82.0,33.0,36.0
28-Jul-11,56.0,122.0,39.0,12.0,304.0,181.0,34.0,8.0,25.0,25.0,81.0,34.0,35.0
29-Jul-11,55.0,121.0,38.0,12.0,303.0,181.0,34.0,8.0,25.0,25.0,81.0,34.0,35.0
1-Aug-11,56.0,121.0,38.0,12.0,304.0,181.0,33.0,8.0,25.0,25.0,81.0,34.0,35.0
2-Aug-11,55.0,119.0,37.0,12.0,298.0,179.0,33.0,8.0,24.0,24.0,81.0,33.0,35.0
3-Aug-11,55.0,118.0,37.0,11.0,298.0,177.0,33.0,8.0,23.0,23.0,80.0,33.0,35.0
4-Aug-11,54.0,115.0,36.0,11.0,293.0,174.0,33.0,7.0,22.0,22.0,78.0,32.0,35.0
5-Aug-11,53.0,114.0,35.0,10.0,289.0,171.0,33.0,7.0,21.0,21.0,77.0,31.0,34.0
8-Aug-11,51.0,109.0,33.0,10.0,278.0,168.0,32.0,7.0,19.0,19.0,75.0,30.0,33.0
9-Aug-11,52.0,110.0,33.0,10.0,281.0,167.0,32.0,7.0,19.0,19.0,76.0,30.0,33.0
10-Aug-11,52.0,108.0,31.0,10.0,278.0,165.0,32.0,7.0,19.0,19.0,74.0,30.0,33.0
11-Aug-11,53.0,110.0,32.0,10.0,279.0,165.0,32.0,7.0,19.0,19.0,74.0,30.0,34.0
12-Aug-11,53.0,112.0,32.0,11.0,283.0,167.0,33.0,7.0,20.0,20.0,74.0,31.0,34.0
15-Aug-11,54.0,114.0,33.0,11.0,277.0,172.0,33.0,7.0,21.0,21.0,75.0,31.0,34.0
16-Aug-11,54.0,113.0,33.0,11.0,272.0,171.0,33.0,7.0,21.0,21.0,75.0,31.0,34.0
17-Aug-11,54.0,114.0,33.0,11.0,268.0,171.0,34.0,7.0,21.0,21.0,74.0,31.0,35.0
18-Aug-11,52.0,110.0,32.0,10.0,256.0,164.0,34.0,6.0,19.0,19.0,71.0,30.0,35.0
19-Aug-11,51.0,108.0,32.0,10.0,249.0,160.0,33.0,6.0,19.0,19.0,71.0,29.0,34.0
22-Aug-11,51.0,109.0,32.0,10.0,250.0,159.0,33.0,6.0,19.0,19.0,70.0,29.0,35.0
23-Aug-11,52.0,110.0,31.0,10.0,255.0,162.0,34.0,6.0,19.0,19.0,72.0,30.0,35.0
24-Aug-11,53.0,112.0,32.0,10.0,261.0,165.0,34.0,7.0,20.0,20.0,71.0,30.0,36.0
25-Aug-11,52.0,112.0,32.0,10.0,263.0,166.0,34.0,7.0,20.0,20.0,71.0,30.0,36.0
26-Aug-11,53.0,111.0,32.0,10.0,261.0,166.0,33.0,7.0,20.0,20.0,71.0,29.0,35.0
29-Aug-11,55.0,114.0,32.0,10.0,268.0,171.0,34.0,7.0,21.0,21.0,71.0,30.0,36.0
30-Aug-11,55.0,115.0,33.0,10.0,269.0,172.0,34.0,8.0,21.0,21.0,70.0,30.0,36.0
31-Aug-11,55.0,116.0,33.0,11.0,271.0,172.0,35.0,8.0,22.0,22.0,71.0,30.0,36.0
1-Sep-11,54.0,115.0,33.0,11.0,268.0,171.0,35.0,8.0,22.0,22.0,71.0,30.0,36.0
2-Sep-11,53.0,112.0,32.0,10.0,262.0,167.0,34.0,7.0,20.0,20.0,69.0,30.0,35.0
6-Sep-11,53.0,110.0,31.0,10.0,258.0,163.0,34.0,7.0,19.0,19.0,68.0,28.0,35.0
7-Sep-11,54.0,113.0,32.0,10.0,266.0,167.0,35.0,7.0,21.0,21.0,69.0,29.0,35.0
8-Sep-11,54.0,113.0,32.0,10.0,267.0,166.0,35.0,7.0,21.0,21.0,69.0,29.0,35.0
9-Sep-11,54.0,110.0,31.0,10.0,264.0,162.0,34.0,7.0,20.0,20.0,68.0,28.0,35.0
12-Sep-11,53.0,109.0,30.0,9.0,262.0,160.0,34.0,7.0,19.0,19.0,67.0,28.0,34.0
13-Sep-11,54.0,110.0,31.0,10.0,265.0,163.0,34.0,7.0,20.0,20.0,68.0,28.0,35.0
14-Sep-11,55.0,111.0,31.0,10.0,266.0,165.0,34.0,7.0,20.0,20.0,69.0,29.0,35.0
15-Sep-11,56.0,113.0,32.0,10.0,269.0,169.0,35.0,7.0,21.0,21.0,70.0,29.0,35.0
16-Sep-11,56.0,114.0,33.0,10.0,272.0,171.0,35.0,7.0,21.0,21.0,71.0,30.0,36.0
19-Sep-11,57.0,113.0,32.0,10.0,271.0,171.0,35.0,6.0,21.0,21.0,70.0,29.0,36.0
20-Sep-11,59.0,114.0,32.0,10.0,274.0,174.0,35.0,6.0,21.0,21.0,70.0,29.0,36.0
21-Sep-11,59.0,112.0,31.0,10.0,272.0,174.0,35.0,6.0,20.0,20.0,69.0,29.0,36.0
22-Sep-11,57.0,107.0,30.0,9.0,261.0,168.0,33.0,5.0,18.0,18.0,67.0,27.0,35.0
23-Sep-11,57.0,106.0,29.0,9.0,260.0,167.0,33.0,5.0,18.0,18.0,67.0,27.0,35.0
26-Sep-11,57.0,109.0,30.0,9.0,263.0,172.0,34.0,5.0,19.0,19.0,68.0,27.0,36.0
27-Sep-11,57.0,112.0,31.0,10.0,270.0,177.0,34.0,6.0,20.0,20.0,69.0,28.0,36.0
28-Sep-11,57.0,111.0,30.0,10.0,268.0,178.0,34.0,5.0,20.0,20.0,69.0,28.0,36.0
29-Sep-11,56.0,111.0,30.0,10.0,265.0,178.0,34.0,5.0,20.0,20.0,70.0,27.0,37.0
30-Sep-11,54.0,109.0,30.0,9.0,259.0,175.0,34.0,5.0,19.0,19.0,68.0,27.0,36.0
3-Oct-11,53.0,107.0,29.0,9.0,251.0,174.0,33.0,5.0,18.0,18.0,67.0,26.0,36.0
4-Oct-11,52.0,106.0,29.0,9.0,247.0,172.0,32.0,5.0,17.0,17.0,66.0,26.0,36.0
5-Oct-11,53.0,108.0,30.0,10.0,248.0,175.0,32.0,6.0,19.0,19.0,66.0,27.0,35.0
6-Oct-11,53.0,110.0,31.0,10.0,255.0,179.0,32.0,6.0,19.0,19.0,66.0,27.0,35.0
7-Oct-11,53.0,111.0,31.0,10.0,258.0,182.0,33.0,6.0,20.0,20.0,66.0,28.0,36.0
10-Oct-11,54.0,113.0,32.0,11.0,265.0,184.0,33.0,6.0,20.0,20.0,67.0,28.0,36.0
11-Oct-11,56.0,113.0,32.0,11.0,269.0,184.0,33.0,6.0,21.0,21.0,67.0,28.0,36.0
12-Oct-11,57.0,115.0,33.0,11.0,274.0,186.0,33.0,6.0,21.0,21.0,67.0,28.0,36.0
13-Oct-11,58.0,114.0,33.0,11.0,277.0,185.0,33.0,6.0,21.0,21.0,67.0,28.0,36.0
14-Oct-11,59.0,115.0,34.0,11.0,297.0,189.0,33.0,6.0,22.0,22.0,67.0,28.0,37.0
17-Oct-11,60.0,114.0,33.0,11.0,292.0,188.0,33.0,6.0,21.0,21.0,67.0,28.0,37.0
18-Oct-11,60.0,114.0,33.0,11.0,292.0,178.0,33.0,6.0,21.0,21.0,67.0,27.0,37.0
19-Oct-11,57.0,115.0,33.0,11.0,292.0,178.0,33.0,6.0,21.0,21.0,67.0,27.0,37.0
20-Oct-11,56.0,115.0,33.0,11.0,292.0,177.0,33.0,6.0,21.0,21.0,66.0,27.0,36.0
21-Oct-11,56.0,117.0,34.0,12.0,295.0,180.0,33.0,7.0,22.0,22.0,67.0,28.0,37.0
24-Oct-11,57.0,118.0,35.0,12.0,296.0,181.0,34.0,7.0,22.0,22.0,67.0,29.0,37.0
25-Oct-11,57.0,117.0,34.0,12.0,294.0,181.0,33.0,7.0,22.0,22.0,66.0,28.0,36.0
26-Oct-11,57.0,118.0,34.0,11.0,292.0,181.0,33.0,7.0,22.0,22.0,66.0,28.0,36.0
27-Oct-11,57.0,121.0,36.0,12.0,299.0,185.0,34.0,7.0,24.0,24.0,68.0,30.0,37.0
28-Oct-11,57.0,121.0,36.0,11.0,299.0,186.0,34.0,7.0,24.0,24.0,69.0,30.0,37.0
31-Oct-11,57.0,120.0,35.0,11.0,297.0,185.0,34.0,7.0,23.0,23.0,66.0,29.0,37.0
1-Nov-11,56.0,116.0,33.0,11.0,290.0,181.0,33.0,7.0,21.0,21.0,65.0,28.0,36.0
2-Nov-11,56.0,117.0,34.0,11.0,292.0,184.0,33.0,7.0,22.0,22.0,65.0,29.0,36.0
3-Nov-11,57.0,119.0,34.0,11.0,296.0,186.0,34.0,7.0,23.0,23.0,65.0,29.0,37.0
4-Nov-11,57.0,119.0,34.0,11.0,298.0,186.0,33.0,7.0,22.0,22.0,65.0,29.0,37.0
7-Nov-11,56.0,119.0,34.0,11.0,300.0,186.0,33.0,7.0,23.0,23.0,65.0,29.0,36.0
8-Nov-11,57.0,121.0,35.0,11.0,305.0,187.0,34.0,7.0,23.0,23.0,64.0,29.0,37.0
9-Nov-11,56.0,118.0,34.0,11.0,301.0,183.0,33.0,7.0,22.0,22.0,64.0,29.0,37.0
10-Nov-11,55.0,118.0,34.0,11.0,300.0,183.0,33.0,7.0,22.0,22.0,64.0,29.0,37.0
11-Nov-11,55.0,120.0,36.0,11.0,302.0,186.0,34.0,7.0,23.0,23.0,63.0,29.0,37.0
14-Nov-11,54.0,120.0,36.0,11.0,306.0,188.0,33.0,7.0,23.0,23.0,64.0,29.0,37.0
15-Nov-11,54.0,120.0,36.0,10.0,307.0,187.0,33.0,7.0,23.0,23.0,63.0,28.0,37.0
16-Nov-11,55.0,119.0,35.0,10.0,306.0,187.0,33.0,7.0,22.0,22.0,63.0,28.0,36.0
17-Nov-11,54.0,118.0,35.0,10.0,302.0,186.0,33.0,7.0,22.0,22.0,64.0,27.0,36.0
18-Nov-11,53.0,117.0,35.0,10.0,299.0,185.0,33.0,7.0,21.0,21.0,63.0,27.0,36.0
21-Nov-11,52.0,115.0,34.0,9.0,291.0,182.0,33.0,6.0,20.0,20.0,61.0,26.0,36.0
22-Nov-11,53.0,114.0,34.0,10.0,290.0,181.0,32.0,6.0,20.0,20.0,61.0,26.0,36.0
23-Nov-11,53.0,112.0,33.0,9.0,287.0,179.0,32.0,6.0,19.0,19.0,60.0,26.0,35.0
25-Nov-11,52.0,112.0,33.0,9.0,283.0,177.0,32.0,6.0,19.0,19.0,62.0,25.0,35.0
28-Nov-11,53.0,114.0,34.0,10.0,291.0,182.0,32.0,6.0,20.0,20.0,64.0,26.0,36.0
29-Nov-11,53.0,115.0,34.0,10.0,293.0,181.0,32.0,6.0,21.0,21.0,64.0,26.0,36.0
30-Nov-11,54.0,119.0,35.0,10.0,298.0,186.0,33.0,7.0,22.0,22.0,65.0,26.0,37.0
1-Dec-11,55.0,120.0,36.0,10.0,303.0,188.0,33.0,7.0,22.0,22.0,65.0,26.0,37.0
2-Dec-11,55.0,120.0,36.0,10.0,310.0,190.0,33.0,7.0,22.0,22.0,66.0,26.0,37.0
5-Dec-11,56.0,121.0,37.0,11.0,313.0,191.0,33.0,7.0,23.0,23.0,67.0,26.0,38.0
6-Dec-11,55.0,121.0,36.0,11.0,312.0,191.0,33.0,7.0,23.0,23.0,67.0,26.0,38.0
7-Dec-11,55.0,121.0,36.0,11.0,311.0,193.0,33.0,7.0,23.0,23.0,68.0,26.0,38.0
8-Dec-11,56.0,120.0,36.0,10.0,310.0,192.0,33.0,7.0,22.0,22.0,67.0,26.0,38.0
9-Dec-11,56.0,121.0,36.0,10.0,311.0,193.0,33.0,7.0,22.0,22.0,67.0,26.0,38.0
12-Dec-11,55.0,120.0,36.0,10.0,312.0,192.0,33.0,7.0,22.0,22.0,66.0,26.0,38.0
13-Dec-11,55.0,120.0,36.0,10.0,314.0,192.0,33.0,7.0,22.0,22.0,66.0,26.0,38.0
14-Dec-11,54.0,118.0,35.0,10.0,309.0,189.0,33.0,7.0,21.0,21.0,65.0,26.0,38.0
15-Dec-11,54.0,119.0,35.0,10.0,310.0,189.0,33.0,7.0,21.0,21.0,65.0,26.0,38.0
16-Dec-11,54.0,118.0,35.0,10.0,312.0,185.0,33.0,7.0,21.0,21.0,63.0,25.0,38.0
19-Dec-11,54.0,118.0,35.0,10.0,312.0,183.0,33.0,7.0,21.0,21.0,63.0,25.0,38.0
20-Dec-11,55.0,119.0,35.0,10.0,315.0,186.0,34.0,7.0,22.0,22.0,64.0,25.0,39.0
21-Dec-11,56.0,120.0,36.0,10.0,313.0,181.0,34.0,7.0,22.0,22.0,64.0,25.0,39.0
22-Dec-11,56.0,121.0,36.0,10.0,314.0,182.0,34.0,7.0,22.0,22.0,64.0,25.0,39.0
23-Dec-11,57.0,122.0,37.0,10.0,316.0,183.0,34.0,7.0,24.0,24.0,64.0,26.0,39.0
27-Dec-11,57.0,122.0,37.0,10.0,318.0,185.0,34.0,7.0,23.0,23.0,64.0,26.0,39.0
28-Dec-11,57.0,121.0,37.0,10.0,321.0,184.0,34.0,7.0,23.0,23.0,64.0,26.0,39.0
29-Dec-11,57.0,122.0,37.0,10.0,320.0,185.0,34.0,7.0,23.0,23.0,64.0,26.0,39.0
30-Dec-11,57.0,121.0,37.0,10.0,322.0,185.0,35.0,7.0,23.0,23.0,66.0,26.0,40.0
3-Jan-12,58.0,123.0,38.0,11.0,330.0,186.0,35.0,7.0,24.0,24.0,67.0,27.0,40.0
4-Jan-12,58.0,123.0,38.0,11.0,333.0,185.0,34.0,7.0,23.0,23.0,68.0,27.0,39.0
5-Jan-12,59.0,123.0,39.0,11.0,330.0,184.0,34.0,7.0,23.0,23.0,68.0,26.0,38.0
6-Jan-12,60.0,123.0,39.0,11.0,327.0,183.0,34.0,7.0,24.0,24.0,68.0,27.0,38.0
9-Jan-12,60.0,123.0,39.0,11.0,317.0,181.0,34.0,7.0,24.0,24.0,68.0,27.0,38.0
10-Jan-12,60.0,124.0,39.0,11.0,313.0,182.0,34.0,7.0,24.0,24.0,68.0,27.0,38.0
11-Jan-12,60.0,124.0,39.0,11.0,312.0,181.0,34.0,7.0,24.0,24.0,68.0,27.0,38.0
12-Jan-12,60.0,124.0,38.0,12.0,315.0,180.0,33.0,7.0,24.0,24.0,68.0,28.0,38.0
13-Jan-12,59.0,124.0,38.0,11.0,312.0,178.0,33.0,7.0,24.0,24.0,68.0,27.0,38.0
17-Jan-12,60.0,124.0,38.0,12.0,315.0,180.0,33.0,8.0,24.0,24.0,67.0,28.0,39.0
18-Jan-12,61.0,125.0,38.0,12.0,314.0,180.0,33.0,7.0,24.0,24.0,67.0,28.0,38.0
19-Jan-12,61.0,125.0,39.0,12.0,319.0,181.0,33.0,7.0,25.0,25.0,68.0,28.0,39.0
20-Jan-12,60.0,126.0,39.0,12.0,293.0,187.0,33.0,7.0,25.0,25.0,70.0,28.0,38.0
23-Jan-12,60.0,126.0,39.0,12.0,293.0,189.0,34.0,7.0,25.0,25.0,71.0,28.0,38.0
24-Jan-12,60.0,126.0,39.0,12.0,291.0,190.0,34.0,7.0,25.0,25.0,72.0,28.0,37.0
25-Jan-12,64.0,126.0,39.0,12.0,286.0,191.0,34.0,7.0,25.0,25.0,73.0,28.0,37.0
26-Jan-12,63.0,127.0,39.0,12.0,285.0,191.0,34.0,8.0,25.0,25.0,74.0,28.0,37.0
27-Jan-12,63.0,126.0,39.0,12.0,287.0,190.0,33.0,7.0,25.0,25.0,73.0,27.0,37.0
30-Jan-12,64.0,125.0,38.0,12.0,288.0,190.0,33.0,7.0,25.0,25.0,72.0,27.0,37.0
31-Jan-12,65.0,126.0,38.0,12.0,290.0,192.0,33.0,7.0,25.0,25.0,73.0,27.0,37.0
1-Feb-12,65.0,127.0,39.0,12.0,291.0,193.0,33.0,7.0,25.0,25.0,75.0,27.0,37.0
2-Feb-12,65.0,65.0,38.0,12.0,292.0,192.0,33.0,7.0,25.0,25.0,76.0,27.0,37.0
3-Feb-12,65.0,128.0,39.0,12.0,296.0,193.0,34.0,7.0,26.0,26.0,76.0,27.0,37.0
6-Feb-12,65.0,127.0,40.0,12.0,301.0,192.0,33.0,7.0,26.0,26.0,77.0,27.0,37.0
7-Feb-12,66.0,128.0,40.0,12.0,303.0,192.0,34.0,7.0,26.0,26.0,79.0,27.0,38.0
8-Feb-12,67.0,128.0,41.0,12.0,304.0,192.0,34.0,7.0,26.0,26.0,80.0,27.0,37.0
9-Feb-12,69.0,128.0,41.0,12.0,306.0,193.0,34.0,7.0,26.0,26.0,81.0,27.0,37.0
10-Feb-12,70.0,127.0,41.0,12.0,303.0,191.0,33.0,7.0,26.0,26.0,78.0,26.0,37.0
13-Feb-12,71.0,128.0,41.0,12.0,306.0,192.0,34.0,7.0,26.0,26.0,78.0,26.0,37.0
14-Feb-12,72.0,128.0,41.0,12.0,305.0,191.0,34.0,7.0,26.0,26.0,79.0,26.0,37.0
15-Feb-12,72.0,128.0,41.0,12.0,304.0,192.0,34.0,7.0,26.0,26.0,82.0,27.0,37.0
16-Feb-12,70.0,128.0,41.0,12.0,302.0,192.0,34.0,7.0,26.0,26.0,83.0,27.0,37.0
17-Feb-12,71.0,129.0,41.0,12.0,302.0,193.0,34.0,7.0,27.0,27.0,83.0,27.0,38.0
21-Feb-12,72.0,129.0,41.0,12.0,305.0,193.0,34.0,7.0,27.0,27.0,83.0,27.0,38.0
22-Feb-12,73.0,129.0,41.0,12.0,305.0,193.0,34.0,7.0,27.0,27.0,84.0,28.0,38.0
23-Feb-12,73.0,129.0,41.0,12.0,302.0,196.0,34.0,7.0,27.0,27.0,83.0,28.0,38.0
24-Feb-12,74.0,129.0,41.0,12.0,304.0,197.0,34.0,7.0,27.0,27.0,84.0,28.0,38.0
27-Feb-12,74.0,129.0,41.0,12.0,304.0,197.0,34.0,7.0,27.0,27.0,83.0,28.0,38.0
28-Feb-12,75.0,129.0,41.0,12.0,307.0,198.0,34.0,6.0,27.0,27.0,84.0,28.0,38.0
29-Feb-12,77.0,129.0,42.0,12.0,310.0,197.0,34.0,6.0,27.0,27.0,83.0,29.0,38.0
1-Mar-12,77.0,129.0,42.0,12.0,311.0,197.0,34.0,6.0,27.0,27.0,82.0,28.0,38.0
2-Mar-12,77.0,129.0,42.0,12.0,311.0,197.0,34.0,6.0,27.0,27.0,81.0,28.0,38.0
5-Mar-12,76.0,129.0,42.0,12.0,308.0,199.0,34.0,6.0,27.0,27.0,81.0,28.0,38.0
6-Mar-12,75.0,127.0,42.0,12.0,302.0,198.0,34.0,6.0,26.0,26.0,80.0,28.0,38.0
7-Mar-12,76.0,127.0,41.0,12.0,304.0,197.0,34.0,6.0,26.0,26.0,80.0,28.0,38.0
8-Mar-12,76.0,128.0,42.0,12.0,304.0,199.0,34.0,6.0,27.0,27.0,82.0,28.0,39.0
9-Mar-12,77.0,129.0,42.0,12.0,302.0,200.0,34.0,6.0,27.0,27.0,83.0,28.0,39.0
12-Mar-12,78.0,129.0,42.0,12.0,301.0,200.0,34.0,6.0,27.0,27.0,82.0,28.0,39.0
13-Mar-12,80.0,130.0,43.0,12.0,306.0,202.0,34.0,6.0,28.0,28.0,83.0,29.0,39.0
14-Mar-12,83.0,131.0,43.0,12.0,308.0,204.0,35.0,6.0,28.0,28.0,83.0,29.0,39.0
15-Mar-12,84.0,132.0,43.0,12.0,309.0,205.0,35.0,6.0,28.0,28.0,85.0,28.0,39.0
16-Mar-12,83.0,132.0,43.0,12.0,311.0,206.0,35.0,6.0,29.0,29.0,85.0,29.0,39.0
19-Mar-12,85.0,132.0,43.0,12.0,314.0,205.0,35.0,6.0,29.0,29.0,85.0,29.0,39.0
20-Mar-12,85.0,131.0,43.0,12.0,316.0,204.0,35.0,6.0,29.0,29.0,84.0,29.0,39.0
21-Mar-12,86.0,131.0,43.0,12.0,319.0,204.0,35.0,6.0,29.0,29.0,84.0,29.0,39.0
22-Mar-12,85.0,130.0,43.0,12.0,320.0,204.0,35.0,6.0,28.0,28.0,84.0,29.0,39.0
23-Mar-12,85.0,130.0,43.0,12.0,322.0,205.0,35.0,6.0,28.0,28.0,83.0,29.0,39.0
26-Mar-12,86.0,131.0,44.0,12.0,323.0,207.0,35.0,6.0,29.0,29.0,84.0,30.0,39.0
27-Mar-12,87.0,131.0,44.0,12.0,324.0,207.0,35.0,6.0,29.0,29.0,85.0,29.0,38.0
28-Mar-12,88.0,131.0,43.0,12.0,327.0,207.0,36.0,6.0,29.0,29.0,86.0,29.0,38.0
29-Mar-12,87.0,130.0,42.0,12.0,325.0,207.0,36.0,6.0,28.0,28.0,85.0,29.0,37.0
30-Mar-12,86.0,131.0,43.0,12.0,323.0,208.0,36.0,6.0,29.0,29.0,86.0,29.0,38.0
2-Apr-12,87.0,131.0,43.0,12.0,321.0,209.0,36.0,6.0,29.0,29.0,86.0,29.0,38.0
3-Apr-12,89.0,131.0,43.0,12.0,322.0,209.0,36.0,6.0,29.0,29.0,86.0,29.0,38.0
4-Apr-12,88.0,130.0,42.0,12.0,318.0,206.0,36.0,6.0,28.0,28.0,83.0,28.0,38.0
5-Apr-12,89.0,130.0,42.0,12.0,316.0,205.0,36.0,6.0,28.0,28.0,83.0,28.0,37.0
9-Apr-12,90.0,129.0,42.0,12.0,315.0,204.0,36.0,6.0,28.0,28.0,81.0,27.0,37.0
10-Apr-12,90.0,127.0,41.0,11.0,315.0,203.0,36.0,6.0,27.0,27.0,81.0,27.0,37.0
11-Apr-12,90.0,128.0,41.0,11.0,317.0,203.0,36.0,6.0,27.0,27.0,82.0,27.0,37.0
12-Apr-12,89.0,128.0,41.0,12.0,323.0,204.0,36.0,6.0,28.0,28.0,82.0,28.0,37.0
13-Apr-12,87.0,128.0,41.0,11.0,318.0,203.0,36.0,6.0,27.0,27.0,81.0,28.0,37.0
16-Apr-12,84.0,129.0,41.0,11.0,307.0,204.0,36.0,6.0,27.0,27.0,81.0,28.0,37.0
17-Apr-12,84.0,130.0,42.0,11.0,305.0,205.0,36.0,6.0,28.0,28.0,81.0,28.0,37.0
18-Apr-12,87.0,130.0,42.0,11.0,304.0,201.0,37.0,6.0,28.0,28.0,81.0,28.0,37.0
19-Apr-12,84.0,129.0,42.0,11.0,302.0,199.0,36.0,6.0,28.0,28.0,82.0,28.0,38.0
20-Apr-12,83.0,130.0,42.0,11.0,300.0,199.0,37.0,6.0,28.0,28.0,80.0,28.0,38.0
23-Apr-12,81.0,128.0,42.0,11.0,297.0,198.0,36.0,6.0,27.0,27.0,79.0,28.0,38.0
24-Apr-12,80.0,129.0,42.0,11.0,300.0,200.0,37.0,6.0,27.0,27.0,80.0,28.0,39.0
25-Apr-12,87.0,130.0,42.0,11.0,303.0,202.0,37.0,6.0,28.0,28.0,81.0,29.0,39.0
26-Apr-12,87.0,131.0,43.0,11.0,307.0,204.0,37.0,6.0,28.0,28.0,81.0,29.0,39.0
27-Apr-12,86.0,132.0,43.0,11.0,307.0,206.0,38.0,6.0,28.0,28.0,82.0,29.0,40.0
30-Apr-12,84.0,131.0,43.0,11.0,304.0,207.0,38.0,6.0,28.0,28.0,81.0,29.0,40.0
1-May-12,83.0,132.0,43.0,11.0,302.0,207.0,38.0,6.0,28.0,28.0,79.0,30.0,40.0
2-May-12,83.0,132.0,43.0,11.0,302.0,207.0,38.0,6.0,28.0,28.0,79.0,30.0,40.0
3-May-12,83.0,132.0,43.0,11.0,305.0,207.0,38.0,6.0,28.0,28.0,79.0,30.0,40.0
4-May-12,81.0,130.0,43.0,10.0,301.0,205.0,38.0,5.0,27.0,27.0,78.0,29.0,40.0
7-May-12,80.0,129.0,43.0,10.0,301.0,203.0,38.0,5.0,27.0,27.0,78.0,29.0,40.0
8-May-12,81.0,128.0,43.0,10.0,304.0,201.0,38.0,6.0,27.0,27.0,77.0,29.0,40.0
9-May-12,80.0,128.0,44.0,10.0,304.0,200.0,38.0,6.0,26.0,26.0,79.0,29.0,40.0
10-May-12,81.0,128.0,45.0,10.0,306.0,201.0,38.0,6.0,27.0,27.0,80.0,29.0,40.0
11-May-12,81.0,128.0,45.0,10.0,304.0,200.0,38.0,6.0,27.0,27.0,81.0,29.0,41.0
14-May-12,80.0,127.0,45.0,10.0,302.0,199.0,38.0,6.0,26.0,26.0,79.0,29.0,40.0
15-May-12,79.0,126.0,45.0,10.0,304.0,199.0,38.0,6.0,26.0,26.0,78.0,28.0,40.0
16-May-12,78.0,126.0,45.0,10.0,311.0,199.0,38.0,6.0,26.0,26.0,77.0,28.0,41.0
17-May-12,76.0,125.0,44.0,10.0,314.0,199.0,37.0,6.0,25.0,25.0,77.0,28.0,41.0
18-May-12,76.0,123.0,44.0,10.0,307.0,197.0,37.0,6.0,24.0,24.0,76.0,28.0,41.0
21-May-12,78.0,124.0,44.0,10.0,304.0,196.0,37.0,6.0,25.0,25.0,76.0,28.0,41.0
22-May-12,80.0,124.0,44.0,10.0,303.0,197.0,37.0,6.0,25.0,25.0,77.0,28.0,41.0
23-May-12,80.0,124.0,44.0,10.0,302.0,195.0,37.0,6.0,25.0,25.0,77.0,27.0,41.0
24-May-12,81.0,124.0,44.0,10.0,303.0,195.0,37.0,6.0,25.0,25.0,77.0,28.0,41.0
25-May-12,80.0,124.0,44.0,10.0,298.0,194.0,37.0,6.0,25.0,25.0,76.0,28.0,41.0
29-May-12,81.0,125.0,45.0,10.0,297.0,196.0,37.0,6.0,26.0,26.0,77.0,28.0,41.0
30-May-12,81.0,124.0,45.0,10.0,294.0,194.0,37.0,6.0,25.0,25.0,76.0,27.0,41.0
31-May-12,82.0,123.0,45.0,10.0,292.0,193.0,37.0,6.0,25.0,25.0,76.0,27.0,41.0
1-Jun-12,80.0,121.0,44.0,10.0,285.0,189.0,36.0,6.0,24.0,24.0,75.0,27.0,41.0
4-Jun-12,80.0,120.0,44.0,10.0,287.0,188.0,36.0,6.0,24.0,24.0,74.0,26.0,41.0
5-Jun-12,80.0,120.0,44.0,10.0,286.0,188.0,36.0,6.0,24.0,24.0,74.0,27.0,41.0
6-Jun-12,81.0,122.0,45.0,10.0,289.0,192.0,36.0,6.0,25.0,25.0,76.0,27.0,41.0
7-Jun-12,82.0,124.0,45.0,10.0,291.0,194.0,37.0,6.0,25.0,25.0,77.0,28.0,41.0
8-Jun-12,82.0,124.0,45.0,10.0,289.0,194.0,37.0,6.0,25.0,25.0,76.0,28.0,42.0
11-Jun-12,82.0,125.0,46.0,10.0,288.0,194.0,37.0,6.0,25.0,25.0,76.0,28.0,42.0
12-Jun-12,81.0,124.0,46.0,10.0,283.0,193.0,37.0,6.0,25.0,25.0,76.0,28.0,42.0
13-Jun-12,81.0,125.0,46.0,10.0,281.0,193.0,37.0,6.0,25.0,25.0,76.0,27.0,42.0
14-Jun-12,81.0,125.0,46.0,10.0,280.0,194.0,37.0,6.0,25.0,25.0,75.0,27.0,43.0
15-Jun-12,81.0,127.0,47.0,10.0,281.0,197.0,37.0,6.0,26.0,26.0,76.0,27.0,43.0
18-Jun-12,82.0,127.0,47.0,10.0,283.0,198.0,38.0,6.0,26.0,26.0,76.0,27.0,43.0
19-Jun-12,83.0,127.0,47.0,10.0,289.0,199.0,37.0,6.0,27.0,27.0,76.0,28.0,43.0
20-Jun-12,83.0,127.0,47.0,10.0,289.0,198.0,37.0,6.0,27.0,27.0,77.0,28.0,43.0
21-Jun-12,83.0,126.0,47.0,10.0,286.0,196.0,37.0,6.0,26.0,26.0,77.0,28.0,43.0
22-Jun-12,82.0,126.0,47.0,10.0,284.0,193.0,37.0,6.0,26.0,26.0,76.0,27.0,43.0
25-Jun-12,82.0,124.0,46.0,10.0,281.0,192.0,37.0,6.0,25.0,25.0,76.0,27.0,43.0
26-Jun-12,81.0,124.0,47.0,10.0,281.0,192.0,37.0,6.0,25.0,25.0,76.0,27.0,43.0
27-Jun-12,82.0,125.0,47.0,10.0,284.0,192.0,37.0,7.0,25.0,25.0,76.0,27.0,43.0
28-Jun-12,81.0,125.0,47.0,10.0,281.0,190.0,38.0,7.0,25.0,25.0,77.0,27.0,43.0
29-Jun-12,82.0,128.0,48.0,9.0,288.0,194.0,38.0,7.0,27.0,27.0,80.0,28.0,44.0
2-Jul-12,84.0,128.0,48.0,9.0,290.0,196.0,39.0,7.0,27.0,27.0,80.0,28.0,44.0
3-Jul-12,85.0,128.0,48.0,9.0,292.0,195.0,39.0,7.0,27.0,27.0,80.0,28.0,44.0
5-Jul-12,86.0,128.0,48.0,9.0,296.0,195.0,39.0,7.0,27.0,27.0,80.0,28.0,44.0
6-Jul-12,86.0,127.0,47.0,9.0,294.0,192.0,39.0,7.0,26.0,26.0,80.0,28.0,44.0
9-Jul-12,87.0,127.0,48.0,9.0,292.0,189.0,39.0,7.0,26.0,26.0,79.0,28.0,44.0
10-Jul-12,87.0,127.0,47.0,9.0,293.0,188.0,39.0,7.0,26.0,26.0,77.0,28.0,44.0
11-Jul-12,86.0,126.0,47.0,9.0,286.0,185.0,38.0,7.0,26.0,26.0,77.0,28.0,44.0
12-Jul-12,85.0,125.0,47.0,9.0,284.0,183.0,38.0,7.0,26.0,26.0,75.0,28.0,44.0
13-Jul-12,86.0,126.0,47.0,9.0,287.0,184.0,38.0,7.0,26.0,26.0,76.0,28.0,44.0
16-Jul-12,86.0,127.0,47.0,9.0,288.0,185.0,38.0,7.0,26.0,26.0,76.0,28.0,45.0
17-Jul-12,86.0,127.0,49.0,9.0,288.0,184.0,38.0,7.0,27.0,27.0,75.0,29.0,45.0
18-Jul-12,86.0,128.0,49.0,9.0,289.0,186.0,38.0,7.0,27.0,27.0,76.0,29.0,45.0
19-Jul-12,87.0,129.0,49.0,9.0,295.0,194.0,38.0,7.0,27.0,27.0,76.0,29.0,44.0
20-Jul-12,86.0,128.0,48.0,9.0,304.0,193.0,38.0,7.0,27.0,27.0,75.0,28.0,44.0
23-Jul-12,85.0,126.0,47.0,9.0,304.0,190.0,38.0,7.0,26.0,26.0,74.0,28.0,44.0
24-Jul-12,86.0,126.0,48.0,9.0,305.0,190.0,38.0,7.0,26.0,26.0,73.0,27.0,43.0
25-Jul-12,82.0,126.0,48.0,9.0,304.0,190.0,38.0,7.0,26.0,26.0,72.0,27.0,43.0
26-Jul-12,82.0,128.0,49.0,8.0,307.0,193.0,39.0,7.0,27.0,27.0,73.0,28.0,44.0
27-Jul-12,82.0,129.0,50.0,8.0,313.0,195.0,39.0,7.0,27.0,27.0,75.0,29.0,44.0
30-Jul-12,84.0,130.0,49.0,9.0,317.0,196.0,40.0,7.0,28.0,28.0,75.0,28.0,44.0
31-Jul-12,86.0,130.0,49.0,9.0,316.0,196.0,40.0,7.0,28.0,28.0,76.0,28.0,45.0
1-Aug-12,87.0,129.0,49.0,9.0,317.0,196.0,40.0,7.0,28.0,28.0,76.0,28.0,45.0
2-Aug-12,86.0,128.0,48.0,8.0,314.0,194.0,40.0,7.0,27.0,27.0,76.0,27.0,44.0
3-Aug-12,87.0,130.0,49.0,9.0,320.0,197.0,40.0,7.0,28.0,28.0,80.0,28.0,44.0
6-Aug-12,88.0,131.0,49.0,9.0,321.0,199.0,40.0,7.0,28.0,28.0,80.0,28.0,44.0
7-Aug-12,88.0,131.0,49.0,9.0,320.0,199.0,40.0,8.0,28.0,28.0,81.0,28.0,44.0
8-Aug-12,88.0,131.0,49.0,9.0,321.0,198.0,39.0,8.0,28.0,28.0,80.0,28.0,44.0
9-Aug-12,88.0,131.0,50.0,9.0,322.0,198.0,39.0,8.0,28.0,28.0,81.0,29.0,44.0
10-Aug-12,88.0,131.0,49.0,9.0,320.0,198.0,39.0,8.0,28.0,28.0,81.0,29.0,44.0
13-Aug-12,89.0,131.0,49.0,9.0,327.0,198.0,39.0,8.0,29.0,29.0,81.0,29.0,44.0
14-Aug-12,90.0,131.0,49.0,9.0,332.0,198.0,39.0,9.0,29.0,29.0,80.0,29.0,44.0
15-Aug-12,90.0,131.0,49.0,9.0,334.0,198.0,39.0,9.0,29.0,29.0,80.0,29.0,44.0
16-Aug-12,90.0,132.0,50.0,9.0,335.0,199.0,39.0,9.0,29.0,29.0,82.0,29.0,44.0
17-Aug-12,91.0,132.0,50.0,9.0,337.0,201.0,39.0,9.0,29.0,29.0,82.0,29.0,44.0
20-Aug-12,93.0,132.0,50.0,9.0,338.0,200.0,39.0,9.0,29.0,29.0,81.0,29.0,43.0
21-Aug-12,94.0,132.0,50.0,9.0,335.0,199.0,39.0,9.0,29.0,29.0,82.0,29.0,43.0
22-Aug-12,94.0,131.0,49.0,9.0,336.0,197.0,38.0,9.0,29.0,29.0,82.0,28.0,42.0
23-Aug-12,94.0,130.0,49.0,9.0,338.0,196.0,38.0,9.0,29.0,29.0,82.0,28.0,42.0
24-Aug-12,94.0,130.0,49.0,9.0,338.0,196.0,38.0,9.0,29.0,29.0,82.0,28.0,42.0
27-Aug-12,96.0,131.0,49.0,9.0,333.0,196.0,38.0,9.0,29.0,29.0,81.0,29.0,42.0
28-Aug-12,96.0,130.0,49.0,9.0,335.0,195.0,38.0,9.0,29.0,29.0,80.0,29.0,42.0
29-Aug-12,96.0,130.0,49.0,9.0,341.0,195.0,37.0,9.0,29.0,29.0,80.0,28.0,42.0
30-Aug-12,95.0,130.0,49.0,9.0,342.0,194.0,37.0,9.0,28.0,28.0,80.0,28.0,42.0
31-Aug-12,94.0,130.0,49.0,9.0,342.0,194.0,37.0,9.0,29.0,29.0,79.0,28.0,42.0
4-Sep-12,95.0,130.0,49.0,9.0,340.0,195.0,37.0,9.0,29.0,29.0,78.0,28.0,43.0
5-Sep-12,96.0,130.0,50.0,9.0,341.0,194.0,37.0,9.0,29.0,29.0,78.0,28.0,43.0
6-Sep-12,96.0,131.0,51.0,9.0,346.0,197.0,37.0,9.0,29.0,29.0,79.0,28.0,44.0
7-Sep-12,97.0,132.0,51.0,10.0,352.0,199.0,38.0,9.0,30.0,30.0,81.0,28.0,43.0
10-Sep-12,96.0,132.0,51.0,10.0,353.0,200.0,37.0,9.0,30.0,30.0,81.0,28.0,43.0
11-Sep-12,94.0,132.0,51.0,10.0,348.0,201.0,37.0,9.0,30.0,30.0,81.0,28.0,44.0
12-Sep-12,95.0,133.0,51.0,10.0,344.0,203.0,37.0,9.0,30.0,30.0,82.0,28.0,44.0
13-Sep-12,97.0,134.0,52.0,10.0,350.0,205.0,38.0,9.0,31.0,31.0,82.0,29.0,45.0
14-Sep-12,98.0,135.0,52.0,10.0,355.0,206.0,38.0,9.0,31.0,31.0,83.0,29.0,44.0
17-Sep-12,99.0,135.0,52.0,10.0,354.0,206.0,38.0,9.0,31.0,31.0,82.0,29.0,44.0
18-Sep-12,100.0,135.0,51.0,10.0,356.0,207.0,38.0,9.0,31.0,31.0,81.0,29.0,44.0
19-Sep-12,100.0,135.0,52.0,10.0,361.0,206.0,38.0,9.0,31.0,31.0,82.0,29.0,45.0
20-Sep-12,99.0,135.0,52.0,10.0,363.0,206.0,38.0,9.0,31.0,31.0,81.0,29.0,45.0
21-Sep-12,100.0,135.0,52.0,10.0,366.0,206.0,38.0,9.0,31.0,31.0,81.0,29.0,45.0
24-Sep-12,98.0,135.0,52.0,10.0,370.0,205.0,38.0,9.0,31.0,31.0,80.0,29.0,45.0
25-Sep-12,97.0,135.0,52.0,10.0,377.0,205.0,37.0,9.0,31.0,31.0,80.0,29.0,45.0
26-Sep-12,95.0,134.0,52.0,9.0,376.0,204.0,37.0,9.0,30.0,30.0,79.0,29.0,45.0
27-Sep-12,96.0,134.0,52.0,10.0,379.0,205.0,38.0,9.0,30.0,30.0,80.0,29.0,45.0
28-Sep-12,96.0,133.0,52.0,9.0,377.0,206.0,38.0,9.0,30.0,30.0,78.0,29.0,45.0
1-Oct-12,95.0,134.0,52.0,9.0,380.0,209.0,38.0,9.0,30.0,30.0,77.0,28.0,46.0
2-Oct-12,94.0,134.0,51.0,9.0,380.0,210.0,38.0,9.0,30.0,30.0,76.0,28.0,45.0
3-Oct-12,95.0,134.0,52.0,9.0,379.0,210.0,38.0,9.0,31.0,31.0,77.0,28.0,46.0
4-Oct-12,95.0,135.0,52.0,10.0,382.0,210.0,38.0,9.0,31.0,31.0,78.0,28.0,46.0
5-Oct-12,94.0,136.0,52.0,10.0,385.0,210.0,38.0,10.0,31.0,31.0,77.0,29.0,47.0
8-Oct-12,91.0,135.0,52.0,10.0,379.0,209.0,38.0,10.0,31.0,31.0,77.0,28.0,46.0
9-Oct-12,90.0,135.0,51.0,10.0,376.0,209.0,38.0,10.0,31.0,31.0,76.0,28.0,46.0
10-Oct-12,91.0,133.0,51.0,10.0,371.0,206.0,38.0,9.0,30.0,30.0,74.0,28.0,45.0
11-Oct-12,91.0,133.0,50.0,10.0,377.0,206.0,38.0,10.0,30.0,30.0,74.0,28.0,45.0
12-Oct-12,90.0,133.0,50.0,10.0,374.0,206.0,38.0,10.0,30.0,30.0,74.0,28.0,44.0
15-Oct-12,90.0,133.0,50.0,10.0,370.0,208.0,38.0,10.0,30.0,30.0,76.0,28.0,44.0
16-Oct-12,91.0,134.0,51.0,10.0,371.0,210.0,37.0,10.0,31.0,31.0,77.0,28.0,44.0
17-Oct-12,92.0,135.0,51.0,10.0,374.0,200.0,37.0,10.0,31.0,31.0,77.0,28.0,44.0
18-Oct-12,90.0,135.0,52.0,10.0,361.0,197.0,37.0,10.0,31.0,31.0,78.0,28.0,45.0
19-Oct-12,88.0,133.0,52.0,10.0,346.0,194.0,37.0,10.0,30.0,30.0,78.0,28.0,45.0
22-Oct-12,89.0,132.0,51.0,10.0,339.0,193.0,37.0,10.0,30.0,30.0,78.0,28.0,44.0
23-Oct-12,88.0,131.0,51.0,10.0,339.0,192.0,36.0,10.0,29.0,29.0,77.0,28.0,44.0
24-Oct-12,88.0,130.0,50.0,10.0,341.0,191.0,36.0,10.0,29.0,29.0,77.0,28.0,44.0
25-Oct-12,87.0,130.0,50.0,10.0,339.0,191.0,37.0,9.0,29.0,29.0,78.0,28.0,44.0
26-Oct-12,86.0,130.0,50.0,10.0,338.0,192.0,37.0,8.0,29.0,29.0,77.0,28.0,44.0
31-Oct-12,85.0,130.0,50.0,10.0,339.0,194.0,37.0,8.0,29.0,29.0,77.0,28.0,44.0
1-Nov-12,85.0,131.0,49.0,11.0,342.0,196.0,37.0,8.0,29.0,29.0,77.0,28.0,45.0
2-Nov-12,83.0,131.0,50.0,11.0,346.0,195.0,37.0,8.0,29.0,29.0,78.0,28.0,44.0
5-Nov-12,83.0,130.0,50.0,11.0,341.0,193.0,36.0,8.0,29.0,29.0,80.0,27.0,44.0
6-Nov-12,83.0,131.0,50.0,11.0,341.0,195.0,37.0,8.0,30.0,30.0,81.0,27.0,44.0
7-Nov-12,80.0,129.0,50.0,11.0,336.0,192.0,36.0,8.0,29.0,29.0,80.0,27.0,43.0
8-Nov-12,78.0,128.0,50.0,11.0,330.0,190.0,36.0,8.0,28.0,28.0,78.0,28.0,42.0
9-Nov-12,77.0,127.0,47.0,10.0,329.0,190.0,36.0,8.0,28.0,28.0,78.0,27.0,42.0
12-Nov-12,78.0,128.0,47.0,11.0,332.0,189.0,36.0,8.0,28.0,28.0,77.0,27.0,42.0
13-Nov-12,77.0,127.0,47.0,10.0,331.0,188.0,36.0,8.0,28.0,28.0,77.0,27.0,42.0
14-Nov-12,77.0,126.0,47.0,10.0,328.0,187.0,36.0,8.0,27.0,27.0,76.0,27.0,42.0
15-Nov-12,75.0,125.0,47.0,10.0,325.0,185.0,36.0,7.0,27.0,27.0,79.0,27.0,41.0
16-Nov-12,74.0,125.0,47.0,10.0,323.0,186.0,36.0,7.0,27.0,27.0,81.0,27.0,41.0
19-Nov-12,79.0,127.0,47.0,10.0,331.0,189.0,37.0,8.0,28.0,28.0,83.0,27.0,42.0
20-Nov-12,80.0,127.0,48.0,10.0,335.0,189.0,37.0,8.0,28.0,28.0,82.0,27.0,42.0
21-Nov-12,80.0,127.0,48.0,10.0,333.0,189.0,37.0,8.0,28.0,28.0,84.0,26.0,43.0
23-Nov-12,81.0,129.0,49.0,11.0,334.0,192.0,37.0,8.0,29.0,29.0,85.0,27.0,43.0
26-Nov-12,83.0,129.0,49.0,11.0,332.0,192.0,37.0,8.0,29.0,29.0,86.0,27.0,43.0
27-Nov-12,83.0,129.0,48.0,11.0,333.0,191.0,37.0,8.0,29.0,29.0,85.0,27.0,43.0
28-Nov-12,82.0,128.0,48.0,11.0,337.0,191.0,37.0,8.0,28.0,28.0,84.0,27.0,43.0
29-Nov-12,84.0,130.0,49.0,11.0,344.0,191.0,37.0,8.0,29.0,29.0,86.0,27.0,43.0
30-Nov-12,83.0,130.0,49.0,11.0,347.0,190.0,37.0,8.0,29.0,29.0,86.0,27.0,44.0
3-Dec-12,84.0,130.0,49.0,11.0,350.0,189.0,37.0,8.0,29.0,29.0,85.0,27.0,44.0
4-Dec-12,82.0,129.0,49.0,11.0,346.0,189.0,37.0,8.0,29.0,67.0,85.0,27.0,43.0
5-Dec-12,79.0,129.0,49.0,11.0,344.0,188.0,37.0,8.0,29.0,68.0,85.0,27.0,43.0
6-Dec-12,76.0,130.0,48.0,11.0,345.0,189.0,37.0,8.0,29.0,69.0,85.0,28.0,44.0
7-Dec-12,77.0,131.0,49.0,11.0,345.0,191.0,37.0,8.0,29.0,71.0,85.0,28.0,44.0
10-Dec-12,75.0,131.0,49.0,11.0,343.0,192.0,37.0,8.0,29.0,72.0,85.0,28.0,44.0
11-Dec-12,77.0,132.0,49.0,11.0,347.0,193.0,37.0,8.0,30.0,72.0,85.0,28.0,44.0
12-Dec-12,77.0,132.0,49.0,11.0,349.0,193.0,37.0,8.0,30.0,71.0,86.0,28.0,44.0
13-Dec-12,75.0,132.0,49.0,11.0,354.0,192.0,37.0,8.0,30.0,70.0,85.0,28.0,44.0
14-Dec-12,73.0,131.0,48.0,11.0,351.0,192.0,37.0,8.0,29.0,68.0,85.0,28.0,44.0
17-Dec-12,73.0,132.0,49.0,11.0,358.0,192.0,37.0,8.0,30.0,70.0,86.0,28.0,44.0
18-Dec-12,75.0,133.0,49.0,11.0,360.0,194.0,37.0,8.0,30.0,74.0,88.0,29.0,43.0
19-Dec-12,75.0,133.0,50.0,11.0,360.0,195.0,37.0,8.0,30.0,77.0,91.0,29.0,43.0
20-Dec-12,75.0,132.0,50.0,11.0,361.0,194.0,36.0,8.0,30.0,78.0,92.0,29.0,43.0
21-Dec-12,73.0,131.0,50.0,11.0,357.0,193.0,36.0,8.0,30.0,77.0,90.0,29.0,43.0
24-Dec-12,74.0,131.0,49.0,12.0,356.0,192.0,36.0,8.0,30.0,80.0,91.0,28.0,43.0
26-Dec-12,73.0,131.0,49.0,12.0,354.0,192.0,36.0,8.0,30.0,79.0,90.0,28.0,43.0
27-Dec-12,73.0,130.0,49.0,12.0,352.0,192.0,36.0,8.0,29.0,76.0,92.0,28.0,43.0
28-Dec-12,72.0,129.0,49.0,12.0,351.0,190.0,36.0,8.0,29.0,76.0,92.0,28.0,43.0
31-Dec-12,74.0,129.0,49.0,12.0,352.0,190.0,36.0,8.0,29.0,79.0,92.0,28.0,42.0
2-Jan-13,78.0,133.0,50.0,13.0,361.0,195.0,37.0,8.0,31.0,82.0,95.0,29.0,44.0
3-Jan-13,77.0,133.0,51.0,13.0,363.0,195.0,37.0,8.0,31.0,81.0,95.0,29.0,44.0
4-Jan-13,76.0,133.0,51.0,13.0,367.0,193.0,37.0,8.0,31.0,81.0,97.0,29.0,44.0
7-Jan-13,74.0,133.0,51.0,13.0,367.0,193.0,37.0,8.0,31.0,84.0,95.0,29.0,44.0
8-Jan-13,75.0,133.0,50.0,13.0,366.0,192.0,37.0,8.0,31.0,84.0,93.0,29.0,43.0
9-Jan-13,74.0,133.0,50.0,13.0,367.0,192.0,37.0,8.0,31.0,85.0,95.0,29.0,42.0
10-Jan-13,74.0,134.0,50.0,13.0,370.0,192.0,37.0,8.0,31.0,84.0,96.0,29.0,43.0
11-Jan-13,74.0,134.0,50.0,13.0,370.0,194.0,36.0,8.0,32.0,84.0,96.0,29.0,43.0
14-Jan-13,71.0,134.0,50.0,13.0,365.0,192.0,36.0,8.0,31.0,84.0,96.0,29.0,42.0
15-Jan-13,70.0,134.0,50.0,14.0,361.0,191.0,37.0,8.0,31.0,83.0,95.0,29.0,42.0
16-Jan-13,71.0,134.0,51.0,14.0,359.0,192.0,37.0,8.0,32.0,84.0,94.0,29.0,41.0
17-Jan-13,72.0,135.0,52.0,14.0,357.0,193.0,37.0,8.0,32.0,85.0,96.0,30.0,41.0
18-Jan-13,71.0,135.0,52.0,14.0,353.0,194.0,37.0,8.0,32.0,87.0,95.0,30.0,42.0
22-Jan-13,71.0,136.0,52.0,14.0,351.0,195.0,37.0,8.0,32.0,90.0,94.0,30.0,42.0
23-Jan-13,72.0,137.0,53.0,13.0,370.0,205.0,37.0,8.0,33.0,88.0,94.0,30.0,42.0
24-Jan-13,65.0,137.0,54.0,13.0,374.0,204.0,37.0,8.0,33.0,85.0,95.0,30.0,42.0
25-Jan-13,63.0,138.0,54.0,13.0,377.0,204.0,37.0,9.0,33.0,86.0,96.0,30.0,42.0
28-Jan-13,63.0,138.0,54.0,13.0,376.0,205.0,37.0,9.0,33.0,82.0,94.0,30.0,42.0
29-Jan-13,65.0,138.0,53.0,13.0,375.0,204.0,37.0,8.0,33.0,78.0,95.0,30.0,43.0
30-Jan-13,65.0,139.0,53.0,13.0,378.0,203.0,37.0,8.0,33.0,78.0,95.0,30.0,43.0
31-Jan-13,65.0,138.0,53.0,12.0,377.0,203.0,37.0,8.0,33.0,77.0,95.0,30.0,43.0
1-Feb-13,65.0,139.0,54.0,13.0,383.0,204.0,37.0,8.0,33.0,80.0,97.0,30.0,44.0
4-Feb-13,64.0,138.0,54.0,12.0,382.0,204.0,37.0,8.0,33.0,80.0,98.0,30.0,44.0
5-Feb-13,64.0,139.0,54.0,13.0,382.0,203.0,37.0,8.0,33.0,80.0,99.0,30.0,44.0
6-Feb-13,65.0,139.0,54.0,13.0,382.0,200.0,38.0,8.0,33.0,82.0,102.0,30.0,44.0
7-Feb-13,66.0,139.0,54.0,13.0,386.0,199.0,38.0,8.0,33.0,82.0,103.0,30.0,44.0
8-Feb-13,67.0,139.0,54.0,13.0,391.0,200.0,38.0,8.0,34.0,82.0,104.0,30.0,44.0
11-Feb-13,68.0,139.0,54.0,13.0,390.0,200.0,38.0,8.0,34.0,81.0,105.0,30.0,44.0
12-Feb-13,67.0,139.0,54.0,13.0,391.0,199.0,37.0,8.0,34.0,78.0,104.0,30.0,44.0
13-Feb-13,66.0,139.0,55.0,13.0,391.0,200.0,37.0,8.0,34.0,75.0,104.0,30.0,44.0
14-Feb-13,66.0,139.0,54.0,13.0,392.0,199.0,37.0,8.0,34.0,72.0,102.0,30.0,44.0
15-Feb-13,66.0,139.0,55.0,13.0,395.0,200.0,37.0,9.0,34.0,69.0,102.0,30.0,44.0
19-Feb-13,65.0,139.0,55.0,13.0,401.0,200.0,37.0,9.0,34.0,69.0,102.0,30.0,44.0
20-Feb-13,64.0,139.0,55.0,12.0,400.0,200.0,37.0,9.0,34.0,69.0,103.0,30.0,44.0
21-Feb-13,63.0,138.0,54.0,12.0,399.0,198.0,37.0,8.0,33.0,66.0,101.0,30.0,44.0
22-Feb-13,64.0,139.0,54.0,12.0,399.0,200.0,38.0,9.0,33.0,67.0,102.0,29.0,45.0
25-Feb-13,64.0,139.0,54.0,12.0,399.0,199.0,38.0,9.0,33.0,63.0,100.0,30.0,45.0
26-Feb-13,63.0,138.0,53.0,12.0,396.0,198.0,38.0,9.0,33.0,62.0,102.0,30.0,46.0
27-Feb-13,63.0,139.0,54.0,12.0,399.0,200.0,38.0,9.0,33.0,63.0,101.0,30.0,46.0
28-Feb-13,63.0,140.0,54.0,12.0,401.0,201.0,38.0,9.0,34.0,63.0,102.0,30.0,46.0
1-Mar-13,62.0,140.0,54.0,12.0,401.0,201.0,38.0,9.0,33.0,63.0,102.0,30.0,46.0
4-Mar-13,60.0,140.0,55.0,12.0,407.0,203.0,38.0,9.0,34.0,69.0,102.0,30.0,46.0
5-Mar-13,61.0,142.0,56.0,12.0,417.0,206.0,38.0,9.0,35.0,70.0,103.0,30.0,47.0
6-Mar-13,61.0,142.0,56.0,12.0,418.0,207.0,38.0,9.0,35.0,67.0,104.0,30.0,47.0
7-Mar-13,61.0,143.0,56.0,12.0,417.0,208.0,39.0,9.0,35.0,68.0,103.0,30.0,47.0
8-Mar-13,61.0,143.0,57.0,12.0,416.0,210.0,39.0,9.0,35.0,69.0,103.0,30.0,47.0
11-Mar-13,61.0,144.0,57.0,13.0,417.0,209.0,39.0,9.0,35.0,69.0,104.0,30.0,47.0
12-Mar-13,61.0,144.0,57.0,13.0,414.0,209.0,39.0,9.0,35.0,69.0,102.0,31.0,48.0
13-Mar-13,61.0,144.0,57.0,13.0,413.0,211.0,38.0,9.0,35.0,69.0,102.0,31.0,48.0
14-Mar-13,61.0,145.0,57.0,13.0,412.0,213.0,38.0,9.0,36.0,72.0,103.0,31.0,48.0
15-Mar-13,62.0,144.0,57.0,13.0,408.0,214.0,38.0,9.0,36.0,71.0,103.0,32.0,48.0
18-Mar-13,64.0,144.0,56.0,13.0,403.0,213.0,38.0,9.0,35.0,68.0,103.0,31.0,48.0
19-Mar-13,65.0,144.0,56.0,13.0,406.0,213.0,39.0,9.0,35.0,69.0,103.0,31.0,48.0
20-Mar-13,64.0,144.0,56.0,13.0,407.0,214.0,39.0,10.0,36.0,69.0,103.0,32.0,48.0
21-Mar-13,64.0,144.0,56.0,13.0,406.0,212.0,40.0,10.0,35.0,71.0,103.0,32.0,48.0
22-Mar-13,65.0,144.0,56.0,13.0,406.0,212.0,40.0,10.0,35.0,74.0,103.0,32.0,48.0
25-Mar-13,66.0,144.0,56.0,13.0,406.0,211.0,40.0,9.0,36.0,74.0,103.0,32.0,49.0
26-Mar-13,66.0,144.0,56.0,13.0,406.0,212.0,40.0,9.0,36.0,73.0,103.0,32.0,49.0
27-Mar-13,64.0,144.0,56.0,13.0,402.0,211.0,40.0,9.0,36.0,72.0,102.0,32.0,49.0
28-Mar-13,63.0,145.0,56.0,13.0,400.0,211.0,40.0,9.0,36.0,74.0,102.0,32.0,49.0
1-Apr-13,62.0,145.0,56.0,12.0,399.0,212.0,40.0,9.0,36.0,74.0,101.0,32.0,49.0
2-Apr-13,61.0,146.0,57.0,13.0,404.0,213.0,40.0,9.0,36.0,73.0,99.0,32.0,49.0
3-Apr-13,61.0,145.0,57.0,12.0,404.0,213.0,40.0,9.0,36.0,71.0,101.0,32.0,49.0
4-Apr-13,61.0,145.0,57.0,12.0,399.0,211.0,40.0,9.0,36.0,70.0,105.0,31.0,49.0
5-Apr-13,60.0,144.0,57.0,12.0,391.0,208.0,40.0,9.0,35.0,69.0,105.0,31.0,49.0
8-Apr-13,60.0,145.0,58.0,12.0,388.0,208.0,40.0,9.0,36.0,68.0,108.0,31.0,49.0
9-Apr-13,60.0,146.0,58.0,12.0,389.0,209.0,40.0,9.0,36.0,71.0,107.0,32.0,49.0
10-Apr-13,61.0,147.0,59.0,12.0,393.0,211.0,40.0,9.0,37.0,75.0,108.0,32.0,49.0
11-Apr-13,62.0,148.0,60.0,13.0,395.0,212.0,41.0,9.0,37.0,78.0,112.0,32.0,50.0
12-Apr-13,61.0,148.0,60.0,13.0,395.0,210.0,40.0,9.0,37.0,77.0,113.0,32.0,50.0
15-Apr-13,60.0,146.0,59.0,13.0,393.0,210.0,40.0,9.0,36.0,75.0,111.0,32.0,50.0
16-Apr-13,60.0,147.0,59.0,13.0,395.0,211.0,41.0,9.0,36.0,75.0,112.0,32.0,50.0
17-Apr-13,58.0,146.0,60.0,12.0,392.0,210.0,42.0,9.0,35.0,73.0,112.0,32.0,49.0
18-Apr-13,56.0,145.0,60.0,12.0,387.0,208.0,42.0,8.0,35.0,72.0,110.0,32.0,51.0
19-Apr-13,55.0,144.0,60.0,12.0,392.0,193.0,42.0,9.0,35.0,70.0,111.0,32.0,51.0
22-Apr-13,56.0,145.0,61.0,12.0,397.0,189.0,42.0,8.0,36.0,70.0,111.0,32.0,52.0
23-Apr-13,57.0,146.0,62.0,13.0,403.0,190.0,42.0,9.0,36.0,73.0,112.0,32.0,52.0
24-Apr-13,57.0,146.0,62.0,13.0,406.0,191.0,42.0,8.0,37.0,76.0,113.0,32.0,51.0
25-Apr-13,58.0,146.0,61.0,13.0,406.0,193.0,42.0,9.0,37.0,76.0,115.0,33.0,52.0
26-Apr-13,59.0,146.0,61.0,13.0,402.0,194.0,42.0,9.0,37.0,75.0,115.0,33.0,53.0
29-Apr-13,60.0,147.0,62.0,13.0,406.0,197.0,42.0,8.0,37.0,77.0,116.0,33.0,53.0
30-Apr-13,62.0,147.0,62.0,13.0,411.0,200.0,42.0,8.0,37.0,81.0,116.0,33.0,53.0
1-May-13,62.0,147.0,63.0,13.0,411.0,200.0,42.0,8.0,37.0,81.0,114.0,33.0,53.0
2-May-13,63.0,147.0,63.0,13.0,413.0,201.0,41.0,8.0,37.0,81.0,113.0,33.0,52.0
3-May-13,64.0,149.0,64.0,13.0,421.0,204.0,42.0,9.0,38.0,83.0,115.0,33.0,52.0
6-May-13,65.0,149.0,65.0,13.0,427.0,203.0,42.0,9.0,38.0,84.0,115.0,34.0,52.0
7-May-13,65.0,149.0,65.0,14.0,429.0,202.0,42.0,9.0,39.0,82.0,116.0,34.0,52.0
8-May-13,65.0,150.0,65.0,14.0,432.0,203.0,42.0,9.0,39.0,83.0,118.0,34.0,52.0
9-May-13,65.0,150.0,66.0,14.0,436.0,203.0,42.0,9.0,39.0,82.0,117.0,34.0,52.0
10-May-13,65.0,150.0,66.0,14.0,438.0,203.0,42.0,9.0,39.0,83.0,120.0,34.0,52.0
13-May-13,64.0,150.0,67.0,14.0,439.0,203.0,42.0,9.0,39.0,84.0,124.0,34.0,52.0
14-May-13,64.0,151.0,67.0,14.0,441.0,202.0,42.0,9.0,40.0,89.0,123.0,34.0,52.0
15-May-13,61.0,152.0,67.0,14.0,453.0,202.0,42.0,9.0,40.0,90.0,126.0,34.0,53.0
16-May-13,61.0,152.0,67.0,14.0,456.0,204.0,43.0,9.0,40.0,87.0,125.0,34.0,53.0
17-May-13,62.0,152.0,66.0,14.0,454.0,207.0,42.0,9.0,41.0,87.0,126.0,34.0,53.0
20-May-13,62.0,153.0,66.0,15.0,455.0,208.0,42.0,9.0,41.0,89.0,128.0,34.0,53.0
21-May-13,62.0,153.0,66.0,15.0,453.0,208.0,42.0,10.0,41.0,91.0,129.0,34.0,52.0
22-May-13,63.0,153.0,65.0,15.0,448.0,207.0,42.0,10.0,41.0,86.0,129.0,35.0,51.0
23-May-13,62.0,152.0,64.0,14.0,440.0,206.0,41.0,9.0,40.0,84.0,123.0,34.0,51.0
24-May-13,63.0,152.0,65.0,14.0,437.0,205.0,41.0,10.0,40.0,85.0,120.0,35.0,51.0
28-May-13,63.0,154.0,66.0,15.0,442.0,207.0,42.0,10.0,41.0,87.0,123.0,35.0,51.0
29-May-13,63.0,152.0,66.0,15.0,436.0,207.0,41.0,10.0,40.0,87.0,119.0,34.0,49.0
30-May-13,64.0,153.0,65.0,15.0,436.0,208.0,41.0,10.0,40.0,88.0,120.0,34.0,49.0
31-May-13,64.0,152.0,63.0,15.0,435.0,209.0,40.0,10.0,40.0,86.0,118.0,33.0,48.0
3-Jun-13,64.0,151.0,63.0,15.0,432.0,208.0,40.0,10.0,39.0,79.0,115.0,33.0,48.0
4-Jun-13,64.0,151.0,64.0,15.0,431.0,207.0,41.0,10.0,39.0,78.0,118.0,33.0,48.0
5-Jun-13,63.0,150.0,63.0,15.0,431.0,204.0,41.0,10.0,39.0,76.0,115.0,33.0,48.0
6-Jun-13,63.0,149.0,62.0,15.0,430.0,203.0,40.0,10.0,38.0,78.0,113.0,33.0,49.0
7-Jun-13,62.0,151.0,64.0,15.0,437.0,205.0,41.0,10.0,39.0,79.0,115.0,33.0,50.0
10-Jun-13,63.0,152.0,64.0,15.0,443.0,205.0,41.0,10.0,40.0,81.0,121.0,33.0,50.0
11-Jun-13,62.0,151.0,63.0,15.0,441.0,203.0,40.0,10.0,39.0,82.0,120.0,33.0,50.0
12-Jun-13,62.0,151.0,63.0,15.0,439.0,202.0,40.0,10.0,39.0,82.0,119.0,33.0,50.0
13-Jun-13,61.0,150.0,63.0,15.0,436.0,202.0,40.0,10.0,39.0,82.0,120.0,32.0,50.0
14-Jun-13,61.0,151.0,63.0,15.0,439.0,203.0,40.0,10.0,39.0,84.0,118.0,33.0,50.0
17-Jun-13,61.0,151.0,64.0,15.0,442.0,203.0,40.0,10.0,40.0,86.0,120.0,33.0,51.0
18-Jun-13,61.0,152.0,64.0,15.0,447.0,204.0,40.0,10.0,40.0,86.0,122.0,33.0,51.0
19-Jun-13,61.0,152.0,64.0,15.0,451.0,203.0,40.0,10.0,40.0,85.0,121.0,33.0,50.0
20-Jun-13,59.0,148.0,62.0,15.0,445.0,199.0,39.0,10.0,38.0,85.0,117.0,32.0,49.0
21-Jun-13,59.0,147.0,62.0,14.0,441.0,196.0,39.0,10.0,37.0,84.0,119.0,32.0,49.0
24-Jun-13,57.0,146.0,62.0,14.0,435.0,193.0,39.0,10.0,36.0,80.0,116.0,31.0,49.0
25-Jun-13,57.0,147.0,62.0,14.0,436.0,194.0,39.0,10.0,37.0,80.0,117.0,31.0,50.0
26-Jun-13,57.0,148.0,63.0,15.0,437.0,195.0,40.0,10.0,38.0,81.0,117.0,32.0,50.0
27-Jun-13,56.0,149.0,63.0,15.0,440.0,195.0,40.0,10.0,38.0,83.0,121.0,32.0,51.0
28-Jun-13,56.0,149.0,63.0,15.0,439.0,190.0,40.0,10.0,38.0,83.0,121.0,32.0,50.0
1-Jul-13,58.0,149.0,64.0,15.0,444.0,192.0,40.0,11.0,38.0,84.0,122.0,32.0,50.0
2-Jul-13,59.0,149.0,63.0,15.0,443.0,191.0,40.0,11.0,38.0,85.0,124.0,32.0,50.0
3-Jul-13,60.0,149.0,63.0,16.0,442.0,192.0,40.0,11.0,38.0,84.0,123.0,32.0,50.0
5-Jul-13,59.0,150.0,63.0,16.0,446.0,194.0,40.0,12.0,39.0,88.0,125.0,32.0,51.0
8-Jul-13,59.0,151.0,64.0,16.0,451.0,195.0,40.0,12.0,40.0,92.0,124.0,32.0,51.0
9-Jul-13,59.0,152.0,65.0,16.0,453.0,191.0,40.0,12.0,40.0,89.0,126.0,33.0,51.0
10-Jul-13,60.0,152.0,64.0,16.0,453.0,192.0,40.0,12.0,40.0,90.0,126.0,33.0,50.0
11-Jul-13,60.0,154.0,66.0,16.0,458.0,193.0,40.0,12.0,41.0,93.0,128.0,33.0,51.0
12-Jul-13,60.0,154.0,66.0,17.0,460.0,192.0,40.0,12.0,41.0,92.0,129.0,33.0,50.0
15-Jul-13,61.0,154.0,66.0,17.0,462.0,193.0,41.0,12.0,42.0,93.0,129.0,34.0,49.0
16-Jul-13,61.0,154.0,65.0,16.0,461.0,193.0,40.0,12.0,41.0,92.0,128.0,34.0,50.0
17-Jul-13,61.0,154.0,65.0,16.0,460.0,194.0,40.0,12.0,42.0,90.0,130.0,34.0,50.0
18-Jul-13,61.0,155.0,65.0,16.0,457.0,198.0,40.0,12.0,42.0,90.0,130.0,34.0,49.0
19-Jul-13,61.0,154.0,65.0,16.0,445.0,195.0,40.0,12.0,42.0,89.0,130.0,34.0,50.0
22-Jul-13,61.0,155.0,64.0,16.0,453.0,194.0,40.0,12.0,42.0,90.0,130.0,34.0,50.0
23-Jul-13,60.0,155.0,64.0,17.0,453.0,194.0,40.0,12.0,42.0,89.0,129.0,34.0,50.0
24-Jul-13,62.0,155.0,64.0,17.0,453.0,196.0,40.0,11.0,42.0,87.0,128.0,35.0,50.0
25-Jul-13,62.0,154.0,64.0,17.0,446.0,196.0,40.0,11.0,42.0,87.0,127.0,35.0,50.0
26-Jul-13,62.0,154.0,64.0,16.0,443.0,196.0,40.0,11.0,42.0,88.0,124.0,35.0,50.0
29-Jul-13,63.0,154.0,64.0,17.0,443.0,196.0,40.0,11.0,42.0,90.0,120.0,35.0,51.0
30-Jul-13,64.0,155.0,64.0,17.0,444.0,196.0,40.0,11.0,42.0,90.0,122.0,34.0,51.0
31-Jul-13,64.0,155.0,64.0,16.0,445.0,195.0,40.0,12.0,42.0,88.0,121.0,34.0,49.0
1-Aug-13,65.0,155.0,65.0,17.0,450.0,196.0,40.0,12.0,43.0,90.0,126.0,34.0,49.0
2-Aug-13,65.0,155.0,66.0,17.0,452.0,194.0,40.0,11.0,43.0,90.0,132.0,34.0,50.0
5-Aug-13,66.0,155.0,66.0,17.0,452.0,195.0,40.0,11.0,43.0,90.0,129.0,34.0,50.0
6-Aug-13,66.0,155.0,66.0,17.0,451.0,191.0,40.0,12.0,43.0,88.0,129.0,34.0,50.0
7-Aug-13,66.0,154.0,65.0,16.0,447.0,189.0,40.0,12.0,42.0,85.0,128.0,34.0,49.0
8-Aug-13,65.0,154.0,65.0,16.0,446.0,188.0,40.0,12.0,42.0,93.0,127.0,34.0,49.0
9-Aug-13,65.0,154.0,65.0,17.0,446.0,188.0,40.0,11.0,42.0,96.0,128.0,34.0,49.0
12-Aug-13,66.0,153.0,64.0,17.0,443.0,188.0,39.0,11.0,42.0,98.0,128.0,34.0,49.0
13-Aug-13,68.0,154.0,63.0,17.0,442.0,188.0,39.0,12.0,42.0,102.0,129.0,35.0,49.0
14-Aug-13,71.0,153.0,63.0,16.0,437.0,188.0,39.0,12.0,42.0,101.0,129.0,34.0,48.0
15-Aug-13,70.0,151.0,62.0,16.0,431.0,186.0,39.0,11.0,41.0,97.0,128.0,34.0,48.0
16-Aug-13,71.0,150.0,62.0,16.0,430.0,185.0,38.0,11.0,41.0,98.0,128.0,34.0,47.0
19-Aug-13,72.0,150.0,62.0,16.0,432.0,185.0,38.0,11.0,40.0,103.0,128.0,34.0,47.0
20-Aug-13,72.0,149.0,61.0,16.0,434.0,184.0,38.0,11.0,40.0,105.0,126.0,34.0,47.0
21-Aug-13,71.0,149.0,61.0,16.0,435.0,185.0,38.0,11.0,40.0,104.0,123.0,33.0,47.0
22-Aug-13,71.0,149.0,61.0,16.0,436.0,185.0,38.0,11.0,40.0,105.0,124.0,33.0,47.0
23-Aug-13,71.0,149.0,61.0,16.0,437.0,185.0,38.0,11.0,41.0,106.0,127.0,33.0,47.0
26-Aug-13,71.0,149.0,61.0,16.0,435.0,185.0,38.0,11.0,41.0,110.0,125.0,33.0,47.0
27-Aug-13,70.0,147.0,60.0,16.0,428.0,183.0,38.0,11.0,39.0,106.0,124.0,33.0,46.0
28-Aug-13,69.0,147.0,60.0,15.0,425.0,182.0,38.0,11.0,39.0,105.0,123.0,33.0,46.0
29-Aug-13,70.0,148.0,60.0,16.0,427.0,182.0,38.0,11.0,40.0,107.0,124.0,33.0,48.0
30-Aug-13,69.0,148.0,60.0,16.0,426.0,182.0,38.0,11.0,39.0,108.0,121.0,33.0,47.0
3-Sep-13,70.0,148.0,61.0,16.0,429.0,183.0,38.0,11.0,40.0,110.0,124.0,33.0,45.0
4-Sep-13,71.0,148.0,60.0,16.0,433.0,183.0,38.0,11.0,40.0,107.0,125.0,33.0,46.0
5-Sep-13,71.0,149.0,61.0,17.0,438.0,183.0,38.0,11.0,40.0,108.0,125.0,33.0,46.0
6-Sep-13,70.0,149.0,61.0,17.0,440.0,183.0,38.0,11.0,40.0,106.0,125.0,34.0,46.0
9-Sep-13,72.0,150.0,61.0,17.0,443.0,184.0,38.0,11.0,41.0,105.0,126.0,33.0,46.0
10-Sep-13,71.0,151.0,62.0,17.0,444.0,186.0,38.0,11.0,42.0,103.0,127.0,34.0,46.0
11-Sep-13,66.0,152.0,63.0,17.0,446.0,188.0,38.0,11.0,42.0,103.0,127.0,34.0,46.0
12-Sep-13,67.0,153.0,64.0,17.0,447.0,190.0,38.0,11.0,42.0,100.0,126.0,34.0,46.0
13-Sep-13,66.0,153.0,66.0,17.0,445.0,191.0,38.0,11.0,42.0,93.0,126.0,34.0,47.0
16-Sep-13,65.0,155.0,67.0,17.0,446.0,193.0,38.0,11.0,43.0,94.0,127.0,34.0,48.0
17-Sep-13,64.0,155.0,66.0,17.0,443.0,192.0,38.0,11.0,43.0,95.0,126.0,34.0,48.0
18-Sep-13,66.0,155.0,66.0,17.0,447.0,193.0,39.0,11.0,43.0,97.0,129.0,35.0,48.0
19-Sep-13,67.0,156.0,66.0,17.0,451.0,193.0,39.0,11.0,44.0,98.0,130.0,35.0,48.0
20-Sep-13,67.0,155.0,65.0,17.0,450.0,192.0,39.0,11.0,44.0,99.0,129.0,34.0,48.0
23-Sep-13,70.0,153.0,64.0,17.0,446.0,190.0,38.0,11.0,43.0,99.0,129.0,35.0,47.0
24-Sep-13,70.0,153.0,64.0,17.0,443.0,190.0,38.0,11.0,43.0,99.0,130.0,35.0,47.0
25-Sep-13,69.0,152.0,64.0,17.0,441.0,189.0,38.0,11.0,42.0,101.0,129.0,35.0,47.0
26-Sep-13,69.0,152.0,64.0,17.0,439.0,190.0,38.0,11.0,43.0,103.0,131.0,35.0,47.0
27-Sep-13,69.0,152.0,65.0,17.0,437.0,187.0,38.0,12.0,42.0,102.0,130.0,35.0,47.0
30-Sep-13,68.0,150.0,64.0,16.0,437.0,185.0,38.0,12.0,42.0,100.0,127.0,35.0,46.0
1-Oct-13,69.0,151.0,64.0,17.0,442.0,185.0,37.0,12.0,42.0,102.0,127.0,35.0,46.0
2-Oct-13,69.0,150.0,64.0,17.0,442.0,185.0,37.0,12.0,42.0,103.0,127.0,34.0,46.0
3-Oct-13,69.0,150.0,64.0,17.0,441.0,184.0,37.0,12.0,42.0,101.0,127.0,34.0,46.0
4-Oct-13,68.0,150.0,64.0,17.0,437.0,184.0,37.0,12.0,42.0,100.0,127.0,34.0,46.0
7-Oct-13,69.0,149.0,64.0,16.0,434.0,182.0,37.0,12.0,42.0,97.0,125.0,34.0,47.0
8-Oct-13,69.0,148.0,64.0,16.0,430.0,180.0,37.0,12.0,41.0,95.0,124.0,34.0,46.0
9-Oct-13,69.0,147.0,63.0,16.0,427.0,180.0,37.0,12.0,41.0,93.0,127.0,33.0,46.0
10-Oct-13,70.0,150.0,65.0,16.0,433.0,183.0,37.0,12.0,42.0,97.0,130.0,34.0,46.0
11-Oct-13,69.0,151.0,65.0,17.0,435.0,185.0,37.0,12.0,42.0,100.0,130.0,34.0,46.0
14-Oct-13,70.0,151.0,66.0,17.0,435.0,185.0,37.0,12.0,43.0,103.0,130.0,34.0,46.0
15-Oct-13,71.0,152.0,66.0,17.0,440.0,185.0,37.0,12.0,43.0,105.0,129.0,34.0,46.0
16-Oct-13,71.0,152.0,66.0,17.0,446.0,185.0,38.0,12.0,43.0,108.0,129.0,34.0,46.0
17-Oct-13,71.0,152.0,66.0,17.0,446.0,174.0,38.0,12.0,44.0,109.0,129.0,34.0,48.0
18-Oct-13,72.0,153.0,66.0,17.0,497.0,174.0,38.0,13.0,45.0,110.0,129.0,35.0,49.0
21-Oct-13,73.0,153.0,67.0,17.0,504.0,173.0,38.0,13.0,45.0,111.0,129.0,35.0,50.0
22-Oct-13,74.0,154.0,68.0,17.0,503.0,174.0,38.0,13.0,45.0,109.0,131.0,35.0,50.0
23-Oct-13,74.0,153.0,68.0,17.0,508.0,175.0,39.0,13.0,45.0,107.0,129.0,35.0,51.0
24-Oct-13,75.0,154.0,68.0,17.0,515.0,177.0,39.0,13.0,45.0,108.0,129.0,35.0,50.0
25-Oct-13,75.0,155.0,69.0,17.0,510.0,177.0,38.0,13.0,46.0,109.0,128.0,35.0,50.0
28-Oct-13,75.0,155.0,69.0,17.0,508.0,177.0,39.0,13.0,46.0,107.0,128.0,35.0,50.0
29-Oct-13,75.0,156.0,69.0,17.0,513.0,179.0,39.0,13.0,46.0,107.0,128.0,36.0,50.0
30-Oct-13,74.0,156.0,68.0,17.0,516.0,180.0,39.0,13.0,46.0,111.0,130.0,37.0,50.0
31-Oct-13,74.0,155.0,68.0,17.0,516.0,179.0,39.0,13.0,46.0,112.0,129.0,37.0,50.0
1-Nov-13,74.0,155.0,68.0,17.0,515.0,179.0,39.0,13.0,46.0,115.0,129.0,37.0,50.0
4-Nov-13,74.0,156.0,69.0,16.0,514.0,180.0,39.0,13.0,46.0,116.0,129.0,38.0,50.0
5-Nov-13,75.0,155.0,68.0,16.0,511.0,178.0,39.0,13.0,46.0,117.0,128.0,37.0,50.0
6-Nov-13,74.0,156.0,69.0,17.0,511.0,178.0,39.0,13.0,46.0,116.0,129.0,38.0,50.0
7-Nov-13,73.0,156.0,68.0,16.0,508.0,180.0,39.0,13.0,46.0,119.0,126.0,38.0,50.0
8-Nov-13,73.0,156.0,67.0,16.0,506.0,179.0,39.0,13.0,46.0,118.0,126.0,38.0,50.0
11-Nov-13,74.0,157.0,68.0,16.0,506.0,181.0,39.0,13.0,46.0,123.0,126.0,38.0,50.0
12-Nov-13,74.0,157.0,67.0,16.0,505.0,182.0,39.0,13.0,46.0,124.0,126.0,38.0,50.0
13-Nov-13,74.0,157.0,68.0,16.0,510.0,182.0,39.0,13.0,46.0,124.0,126.0,38.0,49.0
14-Nov-13,75.0,158.0,69.0,17.0,517.0,181.0,40.0,13.0,47.0,125.0,127.0,38.0,50.0
15-Nov-13,75.0,158.0,69.0,17.0,517.0,182.0,40.0,13.0,48.0,125.0,127.0,38.0,50.0
18-Nov-13,74.0,159.0,69.0,17.0,518.0,184.0,40.0,13.0,48.0,128.0,127.0,38.0,50.0
19-Nov-13,74.0,159.0,69.0,16.0,514.0,185.0,40.0,13.0,47.0,122.0,126.0,37.0,50.0
20-Nov-13,73.0,159.0,69.0,16.0,513.0,185.0,40.0,13.0,47.0,115.0,126.0,38.0,50.0
21-Nov-13,74.0,159.0,69.0,17.0,516.0,184.0,40.0,13.0,48.0,115.0,125.0,38.0,50.0
22-Nov-13,74.0,160.0,70.0,17.0,516.0,182.0,40.0,13.0,48.0,117.0,126.0,38.0,50.0
25-Nov-13,74.0,160.0,70.0,17.0,521.0,179.0,40.0,13.0,48.0,117.0,126.0,37.0,50.0
26-Nov-13,75.0,160.0,70.0,16.0,526.0,178.0,40.0,13.0,48.0,117.0,125.0,37.0,50.0
27-Nov-13,77.0,160.0,70.0,16.0,532.0,178.0,40.0,13.0,48.0,118.0,125.0,37.0,49.0
29-Nov-13,78.0,161.0,70.0,17.0,531.0,179.0,40.0,13.0,48.0,118.0,125.0,37.0,49.0
2-Dec-13,79.0,160.0,70.0,17.0,529.0,178.0,40.0,14.0,48.0,118.0,124.0,37.0,49.0
3-Dec-13,80.0,159.0,69.0,16.0,527.0,176.0,40.0,13.0,48.0,121.0,123.0,37.0,49.0
4-Dec-13,80.0,158.0,69.0,16.0,528.0,175.0,40.0,13.0,47.0,122.0,122.0,36.0,49.0
5-Dec-13,81.0,158.0,70.0,16.0,528.0,176.0,40.0,13.0,47.0,121.0,121.0,36.0,48.0
6-Dec-13,80.0,159.0,71.0,16.0,534.0,177.0,40.0,13.0,48.0,119.0,122.0,36.0,49.0
9-Dec-13,80.0,160.0,71.0,16.0,537.0,177.0,40.0,13.0,49.0,117.0,122.0,37.0,49.0
10-Dec-13,80.0,159.0,71.0,16.0,541.0,176.0,40.0,13.0,48.0,120.0,121.0,37.0,49.0
11-Dec-13,80.0,159.0,71.0,16.0,541.0,176.0,40.0,13.0,48.0,121.0,120.0,36.0,48.0
12-Dec-13,80.0,157.0,69.0,16.0,538.0,174.0,39.0,13.0,47.0,119.0,120.0,36.0,48.0
13-Dec-13,79.0,157.0,69.0,16.0,534.0,173.0,39.0,13.0,47.0,120.0,119.0,36.0,47.0
16-Dec-13,79.0,158.0,70.0,16.0,534.0,175.0,39.0,13.0,47.0,119.0,118.0,37.0,48.0
17-Dec-13,79.0,158.0,70.0,16.0,537.0,176.0,39.0,14.0,47.0,117.0,118.0,36.0,47.0
18-Dec-13,78.0,160.0,71.0,15.0,538.0,177.0,39.0,14.0,48.0,118.0,120.0,36.0,48.0
19-Dec-13,78.0,161.0,72.0,15.0,542.0,179.0,39.0,14.0,48.0,121.0,118.0,37.0,48.0
20-Dec-13,78.0,161.0,72.0,15.0,547.0,180.0,40.0,14.0,49.0,124.0,118.0,37.0,48.0
23-Dec-13,81.0,162.0,73.0,15.0,556.0,181.0,40.0,14.0,50.0,129.0,119.0,37.0,48.0
24-Dec-13,81.0,162.0,73.0,15.0,556.0,182.0,40.0,15.0,50.0,128.0,118.0,38.0,48.0
26-Dec-13,80.0,164.0,74.0,15.0,557.0,184.0,40.0,15.0,50.0,129.0,121.0,38.0,49.0
27-Dec-13,80.0,164.0,74.0,15.0,559.0,185.0,40.0,15.0,50.0,130.0,122.0,38.0,49.0
30-Dec-13,79.0,164.0,75.0,15.0,557.0,185.0,40.0,15.0,50.0,130.0,122.0,37.0,49.0
31-Dec-13,79.0,165.0,76.0,15.0,558.0,187.0,41.0,15.0,51.0,132.0,121.0,37.0,49.0
2-Jan-14,79.0,164.0,76.0,15.0,557.0,186.0,40.0,15.0,50.0,133.0,120.0,37.0,49.0
3-Jan-14,78.0,164.0,76.0,15.0,555.0,186.0,40.0,15.0,50.0,135.0,120.0,37.0,48.0
6-Jan-14,77.0,164.0,76.0,15.0,557.0,186.0,40.0,15.0,50.0,132.0,120.0,37.0,48.0
7-Jan-14,77.0,164.0,76.0,15.0,566.0,188.0,40.0,15.0,50.0,130.0,120.0,37.0,49.0
8-Jan-14,77.0,164.0,75.0,15.0,571.0,188.0,40.0,15.0,50.0,132.0,119.0,37.0,48.0
9-Jan-14,77.0,164.0,75.0,15.0,568.0,188.0,39.0,15.0,50.0,134.0,120.0,37.0,47.0
10-Jan-14,76.0,164.0,75.0,16.0,566.0,187.0,40.0,15.0,50.0,133.0,120.0,37.0,47.0
13-Jan-14,76.0,163.0,74.0,16.0,564.0,185.0,39.0,14.0,50.0,132.0,119.0,37.0,47.0
14-Jan-14,77.0,163.0,74.0,16.0,571.0,185.0,39.0,14.0,50.0,120.0,119.0,37.0,46.0
15-Jan-14,79.0,164.0,74.0,16.0,575.0,186.0,39.0,15.0,51.0,121.0,119.0,37.0,47.0
16-Jan-14,79.0,164.0,74.0,16.0,576.0,188.0,39.0,15.0,50.0,123.0,119.0,37.0,48.0
17-Jan-14,78.0,164.0,74.0,16.0,577.0,189.0,39.0,15.0,50.0,122.0,119.0,37.0,48.0
21-Jan-14,77.0,164.0,74.0,16.0,580.0,188.0,39.0,15.0,50.0,122.0,120.0,37.0,48.0
22-Jan-14,78.0,163.0,74.0,16.0,582.0,181.0,39.0,15.0,51.0,124.0,121.0,37.0,47.0
23-Jan-14,78.0,161.0,74.0,16.0,580.0,182.0,39.0,15.0,50.0,125.0,119.0,37.0,47.0
24-Jan-14,78.0,159.0,73.0,16.0,569.0,180.0,39.0,14.0,48.0,122.0,118.0,36.0,47.0
27-Jan-14,78.0,158.0,72.0,15.0,555.0,178.0,38.0,14.0,47.0,117.0,117.0,36.0,47.0
28-Jan-14,72.0,158.0,72.0,15.0,559.0,177.0,38.0,14.0,47.0,119.0,117.0,36.0,47.0
29-Jan-14,71.0,157.0,71.0,15.0,556.0,176.0,38.0,14.0,47.0,119.0,117.0,35.0,47.0
30-Jan-14,71.0,158.0,72.0,15.0,570.0,177.0,38.0,14.0,48.0,121.0,117.0,36.0,47.0
31-Jan-14,71.0,156.0,72.0,15.0,586.0,176.0,37.0,14.0,47.0,120.0,114.0,35.0,47.0
3-Feb-14,71.0,155.0,71.0,14.0,578.0,174.0,37.0,13.0,46.0,116.0,113.0,35.0,47.0
4-Feb-14,72.0,153.0,70.0,14.0,571.0,173.0,37.0,13.0,45.0,116.0,111.0,35.0,46.0
5-Feb-14,72.0,153.0,71.0,14.0,571.0,173.0,37.0,13.0,45.0,109.0,115.0,35.0,46.0
6-Feb-14,73.0,155.0,75.0,14.0,577.0,174.0,38.0,14.0,46.0,111.0,115.0,35.0,46.0
7-Feb-14,74.0,157.0,75.0,14.0,586.0,176.0,38.0,14.0,47.0,112.0,116.0,36.0,46.0
10-Feb-14,74.0,157.0,76.0,14.0,587.0,177.0,38.0,14.0,48.0,112.0,117.0,36.0,46.0
11-Feb-14,76.0,158.0,77.0,14.0,592.0,178.0,38.0,14.0,49.0,112.0,117.0,36.0,47.0
12-Feb-14,76.0,159.0,77.0,15.0,593.0,180.0,38.0,14.0,49.0,113.0,117.0,34.0,47.0
13-Feb-14,77.0,159.0,77.0,14.0,595.0,180.0,38.0,14.0,49.0,116.0,115.0,34.0,47.0
14-Feb-14,77.0,160.0,78.0,15.0,600.0,182.0,38.0,14.0,50.0,122.0,115.0,34.0,46.0
18-Feb-14,78.0,161.0,79.0,15.0,603.0,183.0,37.0,14.0,50.0,126.0,116.0,34.0,46.0
19-Feb-14,77.0,161.0,79.0,15.0,602.0,183.0,37.0,14.0,50.0,126.0,115.0,34.0,46.0
20-Feb-14,76.0,160.0,79.0,15.0,602.0,183.0,37.0,14.0,50.0,126.0,115.0,34.0,47.0
21-Feb-14,75.0,161.0,79.0,15.0,603.0,183.0,37.0,14.0,50.0,127.0,116.0,34.0,47.0
24-Feb-14,75.0,161.0,80.0,15.0,606.0,183.0,37.0,15.0,51.0,125.0,116.0,34.0,46.0
25-Feb-14,75.0,161.0,80.0,15.0,609.0,183.0,37.0,15.0,51.0,127.0,116.0,34.0,46.0
26-Feb-14,74.0,161.0,80.0,15.0,611.0,184.0,37.0,15.0,51.0,126.0,115.0,34.0,46.0
27-Feb-14,74.0,162.0,80.0,15.0,610.0,184.0,37.0,15.0,51.0,126.0,115.0,34.0,46.0
28-Feb-14,75.0,162.0,80.0,15.0,608.0,185.0,38.0,16.0,51.0,128.0,115.0,34.0,47.0
3-Mar-14,75.0,161.0,79.0,15.0,601.0,183.0,38.0,16.0,51.0,124.0,113.0,34.0,47.0
4-Mar-14,75.0,163.0,81.0,15.0,607.0,186.0,38.0,16.0,52.0,124.0,114.0,34.0,47.0
5-Mar-14,75.0,163.0,82.0,15.0,609.0,187.0,38.0,16.0,52.0,120.0,113.0,34.0,47.0
6-Mar-14,75.0,164.0,83.0,15.0,611.0,187.0,38.0,16.0,52.0,118.0,114.0,34.0,47.0
7-Mar-14,75.0,164.0,82.0,15.0,610.0,188.0,38.0,16.0,53.0,115.0,114.0,34.0,47.0
10-Mar-14,75.0,163.0,82.0,15.0,606.0,187.0,38.0,16.0,52.0,111.0,113.0,34.0,46.0
11-Mar-14,76.0,163.0,81.0,15.0,603.0,187.0,38.0,16.0,52.0,113.0,112.0,34.0,46.0
12-Mar-14,76.0,162.0,80.0,15.0,600.0,186.0,38.0,16.0,52.0,113.0,111.0,33.0,46.0
13-Mar-14,76.0,162.0,80.0,15.0,599.0,185.0,38.0,16.0,51.0,113.0,110.0,33.0,46.0
14-Mar-14,75.0,160.0,79.0,15.0,590.0,183.0,38.0,16.0,51.0,111.0,108.0,33.0,46.0
17-Mar-14,75.0,161.0,80.0,15.0,593.0,184.0,38.0,16.0,51.0,113.0,110.0,33.0,46.0
18-Mar-14,75.0,163.0,81.0,15.0,601.0,186.0,38.0,16.0,52.0,115.0,109.0,33.0,46.0
19-Mar-14,76.0,162.0,81.0,15.0,602.0,185.0,38.0,16.0,52.0,116.0,108.0,34.0,46.0
20-Mar-14,75.0,162.0,80.0,15.0,600.0,186.0,38.0,16.0,52.0,114.0,107.0,33.0,46.0
21-Mar-14,75.0,163.0,81.0,15.0,598.0,187.0,38.0,16.0,52.0,110.0,107.0,34.0,47.0
24-Mar-14,76.0,162.0,80.0,15.0,584.0,188.0,38.0,16.0,52.0,108.0,107.0,34.0,46.0
25-Mar-14,77.0,163.0,79.0,15.0,580.0,191.0,38.0,16.0,52.0,107.0,108.0,34.0,47.0
26-Mar-14,77.0,163.0,79.0,15.0,575.0,193.0,38.0,16.0,52.0,105.0,110.0,34.0,47.0
27-Mar-14,76.0,162.0,78.0,15.0,560.0,190.0,38.0,16.0,51.0,103.0,111.0,33.0,47.0
28-Mar-14,76.0,162.0,78.0,15.0,561.0,190.0,38.0,16.0,51.0,104.0,113.0,34.0,47.0
31-Mar-14,76.0,164.0,79.0,15.0,562.0,192.0,38.0,16.0,52.0,106.0,113.0,34.0,47.0
1-Apr-14,77.0,164.0,80.0,16.0,564.0,193.0,38.0,17.0,53.0,109.0,113.0,34.0,47.0
2-Apr-14,77.0,165.0,81.0,16.0,568.0,193.0,38.0,17.0,53.0,112.0,113.0,34.0,47.0
3-Apr-14,77.0,165.0,81.0,16.0,574.0,192.0,38.0,16.0,53.0,113.0,112.0,35.0,47.0
4-Apr-14,76.0,164.0,81.0,16.0,562.0,192.0,38.0,16.0,53.0,111.0,111.0,35.0,48.0
7-Apr-14,75.0,162.0,79.0,16.0,541.0,193.0,38.0,15.0,51.0,103.0,111.0,34.0,47.0
8-Apr-14,74.0,162.0,79.0,16.0,551.0,193.0,38.0,15.0,51.0,101.0,109.0,35.0,47.0
9-Apr-14,75.0,163.0,80.0,15.0,564.0,195.0,38.0,16.0,52.0,103.0,107.0,35.0,47.0
10-Apr-14,75.0,162.0,79.0,15.0,557.0,196.0,39.0,16.0,51.0,100.0,104.0,34.0,47.0
11-Apr-14,74.0,160.0,77.0,15.0,539.0,195.0,38.0,15.0,49.0,95.0,104.0,34.0,47.0
14-Apr-14,74.0,161.0,77.0,15.0,545.0,197.0,38.0,15.0,50.0,97.0,107.0,34.0,47.0
15-Apr-14,73.0,161.0,77.0,15.0,545.0,196.0,40.0,15.0,50.0,97.0,106.0,34.0,47.0
16-Apr-14,74.0,163.0,78.0,15.0,559.0,197.0,40.0,16.0,51.0,98.0,108.0,34.0,47.0
17-Apr-14,74.0,163.0,79.0,16.0,549.0,188.0,40.0,16.0,52.0,100.0,108.0,34.0,47.0
21-Apr-14,75.0,163.0,79.0,15.0,540.0,191.0,40.0,16.0,52.0,100.0,108.0,34.0,47.0
22-Apr-14,75.0,164.0,79.0,16.0,541.0,192.0,40.0,16.0,52.0,103.0,108.0,34.0,48.0
23-Apr-14,75.0,164.0,79.0,16.0,538.0,191.0,40.0,16.0,52.0,103.0,108.0,34.0,47.0
24-Apr-14,80.0,164.0,79.0,16.0,537.0,191.0,40.0,16.0,53.0,102.0,107.0,34.0,46.0
25-Apr-14,81.0,163.0,78.0,15.0,527.0,189.0,40.0,16.0,52.0,100.0,106.0,34.0,46.0
28-Apr-14,83.0,163.0,78.0,15.0,521.0,192.0,40.0,16.0,52.0,98.0,107.0,34.0,46.0
29-Apr-14,84.0,164.0,78.0,16.0,530.0,194.0,40.0,16.0,52.0,93.0,107.0,34.0,46.0
30-Apr-14,84.0,165.0,78.0,16.0,533.0,195.0,40.0,16.0,53.0,95.0,108.0,35.0,46.0
1-May-14,84.0,165.0,79.0,16.0,536.0,194.0,40.0,15.0,53.0,98.0,109.0,36.0,46.0
2-May-14,84.0,165.0,80.0,15.0,537.0,192.0,40.0,15.0,53.0,97.0,109.0,35.0,47.0
5-May-14,85.0,164.0,80.0,15.0,532.0,190.0,40.0,15.0,52.0,97.0,109.0,35.0,47.0
6-May-14,85.0,164.0,81.0,15.0,528.0,190.0,40.0,15.0,52.0,98.0,109.0,35.0,47.0
7-May-14,84.0,164.0,81.0,15.0,519.0,188.0,40.0,15.0,52.0,95.0,108.0,35.0,47.0
8-May-14,84.0,165.0,81.0,15.0,519.0,189.0,40.0,15.0,52.0,94.0,108.0,35.0,48.0
9-May-14,83.0,165.0,81.0,15.0,521.0,189.0,40.0,15.0,52.0,88.0,108.0,35.0,48.0
12-May-14,84.0,166.0,82.0,15.0,534.0,191.0,40.0,15.0,53.0,89.0,109.0,35.0,48.0
13-May-14,84.0,167.0,82.0,15.0,540.0,192.0,41.0,15.0,54.0,89.0,110.0,36.0,48.0
14-May-14,84.0,166.0,81.0,15.0,537.0,190.0,40.0,15.0,53.0,90.0,110.0,36.0,48.0
15-May-14,84.0,165.0,80.0,15.0,530.0,187.0,40.0,14.0,52.0,88.0,109.0,36.0,47.0
16-May-14,84.0,164.0,80.0,15.0,528.0,186.0,40.0,14.0,52.0,88.0,109.0,35.0,48.0
19-May-14,85.0,164.0,80.0,15.0,533.0,186.0,40.0,15.0,53.0,89.0,108.0,35.0,49.0
20-May-14,86.0,163.0,81.0,15.0,540.0,185.0,40.0,14.0,53.0,88.0,107.0,35.0,49.0
21-May-14,86.0,164.0,81.0,15.0,546.0,186.0,40.0,14.0,53.0,88.0,107.0,35.0,49.0
22-May-14,86.0,165.0,82.0,15.0,554.0,185.0,40.0,14.0,53.0,91.0,109.0,35.0,49.0
23-May-14,87.0,165.0,82.0,15.0,560.0,185.0,40.0,14.0,54.0,94.0,109.0,35.0,49.0
27-May-14,88.0,166.0,83.0,16.0,570.0,184.0,40.0,15.0,54.0,95.0,109.0,35.0,49.0
28-May-14,89.0,166.0,83.0,16.0,573.0,183.0,40.0,15.0,54.0,94.0,110.0,35.0,49.0
29-May-14,90.0,166.0,83.0,16.0,571.0,183.0,40.0,14.0,55.0,94.0,111.0,35.0,49.0
30-May-14,90.0,166.0,83.0,16.0,570.0,183.0,40.0,14.0,55.0,93.0,113.0,34.0,49.0
2-Jun-14,90.0,167.0,84.0,16.0,565.0,185.0,40.0,14.0,55.0,92.0,113.0,35.0,50.0
3-Jun-14,90.0,166.0,83.0,16.0,557.0,184.0,40.0,14.0,55.0,91.0,114.0,34.0,49.0
4-Jun-14,91.0,166.0,83.0,16.0,553.0,184.0,40.0,14.0,55.0,90.0,114.0,34.0,49.0
5-Jun-14,92.0,167.0,84.0,16.0,560.0,185.0,40.0,14.0,56.0,90.0,114.0,34.0,49.0
6-Jun-14,92.0,168.0,84.0,16.0,565.0,186.0,40.0,15.0,57.0,91.0,114.0,34.0,49.0
9-Jun-14,93.0,169.0,85.0,17.0,568.0,186.0,40.0,15.0,57.0,91.0,115.0,35.0,49.0
10-Jun-14,94.0,169.0,85.0,17.0,568.0,185.0,40.0,15.0,57.0,91.0,113.0,35.0,49.0
11-Jun-14,94.0,168.0,84.0,16.0,566.0,183.0,40.0,15.0,56.0,91.0,114.0,35.0,49.0
12-Jun-14,93.0,167.0,83.0,16.0,562.0,181.0,40.0,15.0,56.0,93.0,114.0,35.0,49.0
13-Jun-14,91.0,167.0,82.0,16.0,558.0,182.0,40.0,15.0,56.0,94.0,114.0,35.0,49.0
16-Jun-14,91.0,167.0,82.0,16.0,554.0,182.0,40.0,15.0,56.0,96.0,114.0,35.0,49.0
17-Jun-14,92.0,167.0,83.0,16.0,551.0,182.0,40.0,15.0,56.0,100.0,114.0,35.0,49.0
18-Jun-14,92.0,168.0,83.0,16.0,556.0,182.0,41.0,15.0,57.0,102.0,115.0,35.0,49.0
19-Jun-14,91.0,168.0,83.0,16.0,561.0,183.0,41.0,15.0,57.0,101.0,117.0,35.0,49.0
20-Jun-14,91.0,169.0,83.0,16.0,564.0,182.0,41.0,15.0,58.0,102.0,118.0,35.0,49.0
23-Jun-14,91.0,168.0,82.0,16.0,569.0,181.0,41.0,15.0,58.0,105.0,117.0,36.0,49.0
24-Jun-14,90.0,168.0,82.0,16.0,574.0,181.0,41.0,15.0,57.0,107.0,116.0,36.0,49.0
25-Jun-14,90.0,167.0,83.0,17.0,580.0,180.0,41.0,15.0,57.0,107.0,117.0,36.0,49.0
26-Jun-14,90.0,167.0,84.0,17.0,585.0,180.0,41.0,15.0,57.0,108.0,117.0,36.0,49.0
27-Jun-14,91.0,167.0,84.0,17.0,585.0,180.0,42.0,15.0,57.0,110.0,118.0,36.0,49.0
30-Jun-14,92.0,167.0,85.0,17.0,585.0,181.0,42.0,15.0,57.0,113.0,119.0,36.0,49.0
1-Jul-14,93.0,168.0,86.0,17.0,589.0,184.0,42.0,15.0,58.0,118.0,121.0,36.0,49.0
2-Jul-14,93.0,169.0,86.0,17.0,591.0,187.0,42.0,15.0,58.0,116.0,122.0,36.0,49.0
3-Jul-14,93.0,170.0,86.0,17.0,592.0,188.0,42.0,15.0,59.0,115.0,121.0,36.0,49.0
7-Jul-14,95.0,169.0,86.0,17.0,591.0,187.0,42.0,15.0,59.0,115.0,121.0,36.0,49.0
8-Jul-14,95.0,169.0,86.0,17.0,581.0,187.0,42.0,14.0,58.0,108.0,120.0,36.0,48.0
9-Jul-14,95.0,169.0,86.0,17.0,580.0,187.0,41.0,14.0,58.0,105.0,119.0,36.0,48.0
10-Jul-14,94.0,168.0,86.0,17.0,577.0,187.0,41.0,14.0,57.0,103.0,117.0,36.0,49.0
11-Jul-14,95.0,168.0,86.0,17.0,584.0,187.0,42.0,14.0,58.0,104.0,118.0,36.0,50.0
14-Jul-14,96.0,170.0,87.0,17.0,591.0,189.0,42.0,14.0,58.0,105.0,119.0,36.0,50.0
15-Jul-14,96.0,170.0,86.0,17.0,592.0,189.0,42.0,14.0,58.0,105.0,118.0,36.0,50.0
16-Jul-14,95.0,170.0,86.0,17.0,593.0,192.0,42.0,14.0,59.0,104.0,119.0,36.0,50.0
17-Jul-14,93.0,170.0,85.0,17.0,584.0,193.0,41.0,14.0,58.0,102.0,118.0,36.0,50.0
18-Jul-14,93.0,170.0,85.0,17.0,601.0,191.0,42.0,14.0,58.0,103.0,118.0,36.0,50.0
21-Jul-14,94.0,170.0,85.0,17.0,599.0,190.0,42.0,14.0,58.0,103.0,118.0,36.0,50.0
22-Jul-14,94.0,170.0,86.0,17.0,602.0,192.0,41.0,14.0,59.0,103.0,119.0,36.0,50.0
23-Jul-14,96.0,170.0,86.0,17.0,603.0,194.0,40.0,14.0,59.0,104.0,119.0,36.0,50.0
24-Jul-14,96.0,170.0,86.0,17.0,604.0,194.0,40.0,14.0,59.0,103.0,119.0,36.0,51.0
25-Jul-14,97.0,169.0,86.0,17.0,598.0,194.0,40.0,13.0,59.0,104.0,119.0,36.0,51.0
28-Jul-14,98.0,169.0,86.0,17.0,597.0,195.0,40.0,13.0,58.0,102.0,120.0,36.0,51.0
29-Jul-14,98.0,169.0,86.0,17.0,595.0,195.0,40.0,13.0,58.0,102.0,120.0,37.0,52.0
30-Jul-14,98.0,168.0,86.0,17.0,595.0,194.0,40.0,12.0,58.0,104.0,120.0,37.0,51.0
31-Jul-14,96.0,166.0,86.0,17.0,584.0,192.0,39.0,12.0,56.0,101.0,118.0,37.0,50.0
1-Aug-14,95.0,164.0,85.0,16.0,576.0,190.0,39.0,12.0,55.0,98.0,117.0,37.0,50.0
4-Aug-14,95.0,164.0,86.0,17.0,578.0,189.0,39.0,12.0,56.0,98.0,118.0,37.0,50.0
5-Aug-14,95.0,164.0,86.0,16.0,575.0,187.0,39.0,12.0,55.0,97.0,119.0,37.0,49.0
6-Aug-14,94.0,163.0,86.0,16.0,572.0,185.0,39.0,12.0,55.0,97.0,116.0,37.0,49.0
7-Aug-14,94.0,164.0,86.0,16.0,573.0,185.0,39.0,12.0,55.0,113.0,117.0,37.0,48.0
8-Aug-14,94.0,164.0,86.0,16.0,574.0,185.0,39.0,12.0,55.0,114.0,117.0,37.0,48.0
11-Aug-14,95.0,165.0,87.0,17.0,577.0,187.0,39.0,12.0,56.0,114.0,116.0,37.0,48.0
12-Aug-14,96.0,165.0,87.0,17.0,573.0,187.0,39.0,12.0,56.0,114.0,117.0,37.0,48.0
13-Aug-14,96.0,166.0,87.0,17.0,580.0,187.0,39.0,12.0,57.0,113.0,117.0,37.0,48.0
14-Aug-14,97.0,166.0,88.0,17.0,585.0,187.0,40.0,12.0,57.0,110.0,117.0,37.0,48.0
15-Aug-14,97.0,166.0,89.0,17.0,585.0,187.0,40.0,12.0,57.0,109.0,116.0,37.0,48.0
18-Aug-14,98.0,167.0,89.0,17.0,590.0,188.0,41.0,12.0,58.0,109.0,117.0,38.0,48.0
19-Aug-14,99.0,168.0,90.0,17.0,596.0,189.0,41.0,12.0,59.0,110.0,117.0,37.0,48.0
20-Aug-14,100.0,169.0,89.0,17.0,595.0,189.0,41.0,12.0,59.0,110.0,115.0,37.0,48.0
21-Aug-14,100.0,170.0,90.0,17.0,593.0,191.0,41.0,12.0,59.0,110.0,115.0,37.0,48.0
22-Aug-14,100.0,170.0,90.0,17.0,592.0,190.0,41.0,12.0,59.0,113.0,114.0,37.0,48.0
25-Aug-14,101.0,170.0,90.0,17.0,592.0,191.0,41.0,12.0,60.0,115.0,114.0,37.0,48.0
26-Aug-14,101.0,170.0,90.0,17.0,589.0,192.0,41.0,12.0,60.0,115.0,115.0,37.0,49.0
27-Aug-14,101.0,171.0,90.0,17.0,585.0,192.0,41.0,12.0,60.0,116.0,114.0,37.0,49.0
28-Aug-14,102.0,170.0,90.0,17.0,580.0,191.0,41.0,12.0,60.0,117.0,114.0,37.0,49.0
29-Aug-14,102.0,170.0,89.0,17.0,581.0,192.0,41.0,12.0,60.0,120.0,114.0,37.0,49.0
2-Sep-14,103.0,170.0,90.0,17.0,585.0,192.0,41.0,12.0,60.0,120.0,116.0,37.0,49.0
3-Sep-14,100.0,171.0,90.0,17.0,590.0,192.0,41.0,12.0,60.0,120.0,116.0,38.0,49.0
4-Sep-14,98.0,170.0,90.0,17.0,593.0,191.0,41.0,12.0,60.0,121.0,116.0,38.0,49.0
5-Sep-14,98.0,170.0,90.0,17.0,596.0,190.0,41.0,12.0,60.0,119.0,116.0,38.0,49.0
8-Sep-14,98.0,171.0,90.0,16.0,600.0,190.0,41.0,12.0,60.0,121.0,116.0,38.0,49.0
9-Sep-14,99.0,170.0,90.0,16.0,595.0,190.0,41.0,12.0,60.0,120.0,115.0,37.0,49.0
10-Sep-14,99.0,170.0,89.0,16.0,591.0,190.0,42.0,12.0,59.0,121.0,116.0,37.0,48.0
11-Sep-14,100.0,170.0,89.0,16.0,589.0,191.0,41.0,12.0,60.0,124.0,116.0,37.0,48.0
12-Sep-14,101.0,170.0,89.0,16.0,587.0,191.0,41.0,12.0,59.0,124.0,117.0,37.0,48.0
15-Sep-14,102.0,170.0,89.0,16.0,581.0,191.0,41.0,11.0,59.0,122.0,117.0,37.0,48.0
16-Sep-14,100.0,170.0,89.0,16.0,585.0,192.0,41.0,11.0,59.0,122.0,117.0,37.0,48.0
17-Sep-14,101.0,171.0,90.0,16.0,591.0,192.0,41.0,11.0,60.0,126.0,117.0,37.0,49.0
18-Sep-14,101.0,172.0,90.0,16.0,595.0,193.0,41.0,11.0,61.0,128.0,119.0,37.0,49.0
19-Sep-14,101.0,172.0,90.0,16.0,602.0,194.0,42.0,11.0,61.0,127.0,119.0,37.0,50.0
22-Sep-14,101.0,171.0,89.0,16.0,599.0,193.0,42.0,11.0,60.0,123.0,119.0,36.0,50.0
23-Sep-14,101.0,170.0,88.0,16.0,593.0,192.0,41.0,11.0,59.0,121.0,118.0,36.0,49.0
24-Sep-14,101.0,171.0,88.0,16.0,595.0,191.0,42.0,11.0,59.0,123.0,118.0,36.0,50.0
25-Sep-14,99.0,170.0,88.0,16.0,591.0,190.0,41.0,11.0,59.0,121.0,118.0,36.0,49.0
26-Sep-14,99.0,170.0,88.0,16.0,587.0,189.0,42.0,11.0,59.0,121.0,118.0,36.0,49.0
29-Sep-14,99.0,169.0,88.0,15.0,585.0,189.0,42.0,11.0,58.0,121.0,117.0,36.0,49.0
30-Sep-14,100.0,170.0,88.0,14.0,587.0,189.0,42.0,11.0,59.0,121.0,117.0,36.0,49.0
1-Oct-14,99.0,168.0,88.0,14.0,583.0,188.0,42.0,11.0,57.0,117.0,117.0,36.0,49.0
2-Oct-14,99.0,167.0,86.0,14.0,579.0,187.0,42.0,12.0,57.0,115.0,114.0,36.0,49.0
3-Oct-14,99.0,169.0,88.0,14.0,585.0,188.0,42.0,13.0,58.0,116.0,115.0,36.0,49.0
6-Oct-14,99.0,169.0,88.0,14.0,588.0,189.0,43.0,12.0,58.0,116.0,116.0,37.0,50.0
7-Oct-14,99.0,167.0,87.0,14.0,579.0,186.0,43.0,12.0,57.0,114.0,116.0,37.0,49.0
8-Oct-14,99.0,168.0,87.0,14.0,577.0,187.0,44.0,12.0,57.0,115.0,115.0,36.0,49.0
9-Oct-14,101.0,167.0,86.0,14.0,576.0,187.0,44.0,12.0,57.0,114.0,115.0,36.0,49.0
10-Oct-14,100.0,166.0,86.0,13.0,563.0,186.0,44.0,11.0,55.0,108.0,114.0,36.0,49.0
13-Oct-14,100.0,164.0,85.0,13.0,551.0,184.0,44.0,11.0,54.0,106.0,113.0,36.0,48.0
14-Oct-14,99.0,163.0,84.0,13.0,550.0,184.0,43.0,12.0,53.0,110.0,111.0,35.0,48.0
15-Oct-14,97.0,160.0,81.0,13.0,538.0,181.0,43.0,12.0,51.0,111.0,109.0,35.0,47.0
16-Oct-14,96.0,160.0,80.0,13.0,532.0,179.0,42.0,12.0,51.0,115.0,109.0,35.0,47.0
17-Oct-14,97.0,163.0,83.0,14.0,531.0,181.0,42.0,12.0,53.0,118.0,109.0,35.0,47.0
20-Oct-14,99.0,162.0,84.0,14.0,526.0,168.0,43.0,12.0,54.0,117.0,112.0,35.0,48.0
21-Oct-14,102.0,165.0,86.0,14.0,536.0,164.0,40.0,12.0,56.0,119.0,112.0,36.0,48.0
22-Oct-14,103.0,165.0,87.0,14.0,543.0,162.0,40.0,12.0,56.0,116.0,112.0,36.0,48.0
23-Oct-14,104.0,166.0,88.0,14.0,551.0,162.0,40.0,13.0,57.0,116.0,113.0,36.0,48.0
24-Oct-14,105.0,167.0,88.0,14.0,551.0,162.0,41.0,12.0,57.0,117.0,114.0,36.0,48.0
27-Oct-14,105.0,167.0,88.0,13.0,549.0,162.0,40.0,12.0,57.0,116.0,114.0,36.0,49.0
28-Oct-14,106.0,168.0,89.0,14.0,555.0,162.0,40.0,13.0,59.0,117.0,114.0,37.0,49.0
29-Oct-14,106.0,169.0,89.0,14.0,560.0,163.0,40.0,13.0,59.0,115.0,115.0,37.0,49.0
30-Oct-14,106.0,170.0,89.0,13.0,558.0,163.0,41.0,12.0,59.0,115.0,115.0,37.0,49.0
31-Oct-14,107.0,173.0,91.0,14.0,567.0,164.0,41.0,12.0,61.0,118.0,120.0,37.0,50.0
3-Nov-14,108.0,173.0,91.0,14.0,564.0,164.0,41.0,12.0,61.0,121.0,121.0,37.0,50.0
4-Nov-14,108.0,173.0,91.0,13.0,562.0,163.0,41.0,12.0,61.0,121.0,119.0,37.0,50.0
5-Nov-14,108.0,174.0,90.0,13.0,560.0,162.0,42.0,12.0,61.0,109.0,121.0,37.0,50.0
6-Nov-14,108.0,174.0,91.0,14.0,553.0,161.0,42.0,12.0,62.0,107.0,119.0,37.0,50.0
7-Nov-14,108.0,175.0,89.0,14.0,553.0,161.0,42.0,12.0,62.0,104.0,118.0,37.0,50.0
10-Nov-14,108.0,175.0,89.0,14.0,555.0,162.0,42.0,12.0,62.0,104.0,117.0,37.0,50.0
11-Nov-14,109.0,175.0,89.0,14.0,559.0,163.0,42.0,12.0,62.0,103.0,118.0,37.0,50.0
12-Nov-14,110.0,175.0,89.0,14.0,559.0,162.0,42.0,12.0,62.0,100.0,118.0,38.0,50.0
13-Nov-14,112.0,176.0,90.0,14.0,558.0,162.0,42.0,13.0,62.0,101.0,119.0,38.0,50.0
14-Nov-14,113.0,176.0,90.0,15.0,555.0,163.0,42.0,12.0,62.0,103.0,119.0,38.0,51.0
17-Nov-14,114.0,176.0,90.0,15.0,550.0,164.0,42.0,12.0,62.0,104.0,118.0,38.0,51.0
18-Nov-14,114.0,176.0,90.0,15.0,547.0,163.0,43.0,12.0,63.0,105.0,119.0,38.0,51.0
19-Nov-14,114.0,176.0,89.0,15.0,544.0,161.0,43.0,12.0,63.0,104.0,120.0,38.0,50.0
20-Nov-14,115.0,176.0,89.0,15.0,543.0,160.0,44.0,12.0,63.0,102.0,119.0,38.0,50.0
21-Nov-14,116.0,178.0,89.0,15.0,548.0,161.0,44.0,12.0,64.0,102.0,121.0,38.0,50.0
24-Nov-14,117.0,177.0,89.0,15.0,547.0,162.0,44.0,12.0,64.0,103.0,121.0,38.0,49.0
25-Nov-14,118.0,177.0,91.0,15.0,548.0,162.0,44.0,12.0,64.0,104.0,121.0,38.0,49.0
26-Nov-14,118.0,177.0,91.0,15.0,548.0,161.0,44.0,12.0,64.0,103.0,121.0,38.0,49.0
