Date,Open,High,Low,Close,Volume
26-Nov-14,15.65,15.68,15.52,15.61,20010508
25-Nov-14,15.74,15.84,15.61,15.68,32253458
24-Nov-14,15.51,15.69,15.50,15.67,32797852
21-Nov-14,15.64,15.65,15.37,15.43,25609597
20-Nov-14,15.37,15.65,15.28,15.46,21163158
19-Nov-14,15.48,15.48,15.26,15.44,22633528
18-Nov-14,15.70,15.75,15.25,15.50,43650757
17-Nov-14,15.35,15.60,15.20,15.54,46517259
14-Nov-14,15.01,15.26,14.98,15.14,37093171
13-Nov-14,14.71,15.17,14.70,14.93,50292272
12-Nov-14,14.32,14.63,14.26,14.58,36221067
11-Nov-14,14.05,14.43,14.00,14.37,35345623
10-Nov-14,14.19,14.20,13.95,14.00,36413339
7-Nov-14,14.22,14.27,14.13,14.17,30254740
6-Nov-14,13.92,14.22,13.92,14.19,36431748
5-Nov-14,14.03,14.05,13.87,13.94,26042808
4-Nov-14,13.94,14.00,13.86,13.95,19695724
3-Nov-14,14.10,14.17,13.94,13.99,31589885
31-Oct-14,14.13,14.15,14.04,14.09,37277819
30-Oct-14,13.88,13.96,13.68,13.95,25505958
29-Oct-14,14.14,14.18,13.76,13.91,31263938
28-Oct-14,13.89,14.16,13.86,14.16,36821785
27-Oct-14,13.87,13.89,13.68,13.82,61472177
24-Oct-14,14.41,14.44,13.65,13.78,91944005
23-Oct-14,14.30,14.49,14.28,14.40,30418358
22-Oct-14,14.29,14.33,14.08,14.13,24285220
21-Oct-14,14.26,14.28,14.10,14.26,29926800
20-Oct-14,14.04,14.18,13.95,14.17,18972604
17-Oct-14,14.20,14.25,13.97,14.02,31547970
16-Oct-14,13.39,14.06,13.36,13.98,41382155
15-Oct-14,13.59,13.77,13.26,13.62,46496966
14-Oct-14,13.60,14.04,13.54,13.78,43397327
13-Oct-14,13.78,13.88,13.52,13.54,37691699
10-Oct-14,13.71,13.92,13.52,13.79,41079514
9-Oct-14,14.21,14.22,13.80,13.84,31768462
8-Oct-14,14.07,14.24,13.62,14.21,50319286
7-Oct-14,14.47,14.49,14.08,14.10,42850710
6-Oct-14,14.66,14.70,14.50,14.52,23974313
3-Oct-14,14.66,14.69,14.50,14.59,38177484
2-Oct-14,14.66,14.67,14.44,14.56,37788366
1-Oct-14,14.77,14.83,14.56,14.59,55948262
30-Sep-14,15.01,15.15,14.49,14.79,115056660
29-Sep-14,16.15,16.40,14.83,15.11,82938687
26-Sep-14,16.23,16.33,16.18,16.33,20432094
25-Sep-14,16.40,16.40,16.17,16.20,19054868
24-Sep-14,16.24,16.45,16.24,16.41,22021636
23-Sep-14,16.31,16.35,16.14,16.17,28285137
22-Sep-14,16.58,16.61,16.34,16.36,23800260
19-Sep-14,16.68,16.77,16.58,16.65,35008506
18-Sep-14,16.54,16.65,16.50,16.58,19453018
17-Sep-14,16.59,16.70,16.52,16.53,25366299
16-Sep-14,16.38,16.53,16.16,16.52,23772607
15-Sep-14,16.56,16.62,16.42,16.47,23691587
12-Sep-14,16.64,16.68,16.50,16.59,16512713
11-Sep-14,16.59,16.67,16.51,16.66,14670061
10-Sep-14,16.65,16.72,16.61,16.63,16644382
9-Sep-14,16.79,16.82,16.59,16.63,26656592
8-Sep-14,16.74,16.87,16.71,16.80,47565253
5-Sep-14,17.30,17.30,16.94,17.14,29801662
4-Sep-14,17.46,17.63,17.19,17.27,20733686
3-Sep-14,17.71,17.87,17.44,17.47,25723888
2-Sep-14,17.48,17.62,17.48,17.60,18538339
29-Aug-14,17.47,17.49,17.39,17.41,15374784
28-Aug-14,17.27,17.45,17.21,17.42,16855014
27-Aug-14,17.23,17.40,17.21,17.36,18221103
26-Aug-14,17.26,17.35,17.19,17.19,12167204
25-Aug-14,17.21,17.29,17.20,17.23,10770252
22-Aug-14,17.32,17.39,17.15,17.17,20294769
21-Aug-14,17.43,17.49,17.37,17.40,15051296
20-Aug-14,17.35,17.43,17.25,17.41,14207276
19-Aug-14,17.51,17.52,17.32,17.36,15899353
18-Aug-14,17.38,17.52,17.38,17.43,17174948
15-Aug-14,17.49,17.49,17.17,17.31,20959569
14-Aug-14,17.40,17.48,17.23,17.43,19733501
13-Aug-14,17.48,17.48,17.32,17.42,26177837
12-Aug-14,17.15,17.41,17.14,17.21,25514846
11-Aug-14,17.17,17.24,17.11,17.17,17814865
8-Aug-14,16.80,17.12,16.75,17.09,29370435
7-Aug-14,17.04,17.10,16.77,16.82,19997660
6-Aug-14,16.74,17.08,16.74,16.98,21872932
5-Aug-14,16.94,17.14,16.78,16.87,24851172
4-Aug-14,16.96,17.14,16.94,17.02,24871286
1-Aug-14,17.05,17.18,16.72,16.81,33677955
31-Jul-14,17.30,17.33,17.01,17.02,34170628
30-Jul-14,17.52,17.60,17.32,17.46,30169696
29-Jul-14,17.65,17.85,17.54,17.57,32972797
28-Jul-14,17.62,17.71,17.47,17.64,29662377
25-Jul-14,17.90,17.92,17.51,17.62,34499753
24-Jul-14,18.01,18.12,17.68,17.84,53837956
23-Jul-14,17.83,17.95,17.78,17.78,30932482
22-Jul-14,17.77,17.86,17.67,17.82,24547298
21-Jul-14,17.65,17.90,17.65,17.70,19200500
18-Jul-14,17.80,17.84,17.65,17.72,24838797
17-Jul-14,17.66,18.08,17.64,17.74,47287297
16-Jul-14,17.66,17.87,17.62,17.80,36065737
15-Jul-14,17.55,17.65,17.45,17.54,22631089
14-Jul-14,17.51,17.60,17.45,17.55,20455228
11-Jul-14,17.31,17.49,17.29,17.47,20149953
10-Jul-14,17.20,17.39,17.17,17.30,20165185
9-Jul-14,17.16,17.45,17.14,17.43,27036963
8-Jul-14,17.22,17.24,17.05,17.11,23332243
7-Jul-14,17.19,17.40,17.19,17.32,20271602
3-Jul-14,17.23,17.34,17.22,17.32,13581223
2-Jul-14,17.19,17.30,17.17,17.22,17002931
1-Jul-14,17.34,17.40,17.07,17.21,36171515
30-Jun-14,17.30,17.35,17.20,17.24,24099967
27-Jun-14,17.18,17.29,17.14,17.28,31418644
26-Jun-14,17.27,17.27,17.05,17.20,22193690
25-Jun-14,16.95,17.26,16.92,17.20,37496685
24-Jun-14,16.84,17.20,16.83,16.97,37736474
23-Jun-14,16.70,16.92,16.68,16.88,23084402
20-Jun-14,16.87,16.87,16.65,16.67,29981435
19-Jun-14,16.87,16.87,16.76,16.78,16728501
18-Jun-14,16.79,16.85,16.62,16.83,22925751
17-Jun-14,16.58,16.80,16.53,16.79,17785415
16-Jun-14,16.47,16.68,16.38,16.63,22219572
13-Jun-14,16.53,16.65,16.50,16.56,20323354
12-Jun-14,16.89,16.93,16.50,16.52,28544500
11-Jun-14,16.97,17.01,16.88,16.90,21409229
10-Jun-14,17.01,17.08,16.99,17.01,21980136
9-Jun-14,17.01,17.12,17.00,17.00,23144349
6-Jun-14,16.67,17.08,16.67,17.08,38583389
5-Jun-14,16.82,16.89,16.60,16.68,34825926
4-Jun-14,16.55,16.85,16.46,16.79,33699592
3-Jun-14,16.46,16.72,16.45,16.55,32581740
2-Jun-14,16.51,16.51,16.38,16.44,17975088
30-May-14,16.40,16.54,16.37,16.44,23065423
29-May-14,16.40,16.56,16.37,16.54,42832478
28-May-14,16.17,16.36,16.15,16.31,23241418
27-May-14,16.09,16.20,16.05,16.16,21034686
23-May-14,15.91,16.03,15.90,16.02,17004403
22-May-14,15.85,16.03,15.85,15.91,24848656
21-May-14,15.82,15.98,15.80,15.91,17811407
20-May-14,15.90,15.93,15.74,15.77,20348850
19-May-14,15.72,15.94,15.72,15.92,17368319
16-May-14,15.70,15.86,15.56,15.76,25639225
15-May-14,15.74,15.75,15.55,15.69,27244262
14-May-14,15.85,15.89,15.75,15.75,15087866
13-May-14,15.85,15.90,15.75,15.86,16509281
12-May-14,15.81,15.90,15.78,15.84,17164707
9-May-14,15.73,15.90,15.73,15.77,25172568
8-May-14,15.54,15.95,15.51,15.81,36794779
7-May-14,15.63,15.63,15.43,15.46,32181828
6-May-14,15.74,15.76,15.53,15.56,23289128
5-May-14,15.81,15.87,15.71,15.74,25127144
2-May-14,15.95,15.98,15.80,15.90,22182779
1-May-14,16.15,16.20,15.85,15.91,30722099
30-Apr-14,16.03,16.18,15.92,16.15,26524968
29-Apr-14,16.00,16.15,15.91,16.12,27163734
28-Apr-14,15.94,16.05,15.75,15.97,33030096
25-Apr-14,15.81,15.90,15.71,15.78,53874192
24-Apr-14,16.41,16.44,16.20,16.32,27453234
23-Apr-14,16.08,16.32,16.08,16.23,19808733
22-Apr-14,15.96,16.18,15.93,16.10,18916815
21-Apr-14,16.01,16.08,15.90,15.98,24911768
17-Apr-14,15.99,16.10,15.99,16.00,17657937
16-Apr-14,15.94,16.07,15.90,16.07,21861208
15-Apr-14,15.77,15.88,15.66,15.84,28666175
14-Apr-14,15.73,15.77,15.53,15.70,20414693
11-Apr-14,15.80,15.93,15.60,15.63,39337243
10-Apr-14,15.90,15.91,15.59,15.63,31254932
9-Apr-14,16.00,16.08,15.75,15.84,36882845
8-Apr-14,15.99,16.16,15.92,16.10,26836366
7-Apr-14,16.08,16.17,15.86,15.94,28112902
4-Apr-14,16.49,16.49,16.11,16.13,30524895
3-Apr-14,16.46,16.49,16.34,16.39,26108319
2-Apr-14,16.25,16.49,16.15,16.46,39927114
1-Apr-14,15.67,16.46,15.67,16.32,84938937
31-Mar-14,15.60,15.63,15.48,15.60,27054549
28-Mar-14,15.32,15.58,15.31,15.45,36615051
27-Mar-14,15.25,15.38,15.17,15.25,28244793
26-Mar-14,15.38,15.44,15.23,15.25,24444055
25-Mar-14,15.42,15.46,15.29,15.33,24656682
24-Mar-14,15.48,15.54,15.30,15.39,27033551
21-Mar-14,15.73,15.74,15.45,15.47,31763321
20-Mar-14,15.45,15.55,15.37,15.55,21203080
19-Mar-14,15.51,15.55,15.35,15.48,24374283
18-Mar-14,15.29,15.57,15.28,15.49,28324233
17-Mar-14,15.18,15.33,15.16,15.28,26929074
14-Mar-14,15.18,15.25,15.06,15.08,26943258
13-Mar-14,15.46,15.46,15.10,15.18,34344086
12-Mar-14,15.24,15.42,15.15,15.40,31278451
11-Mar-14,15.49,15.52,15.17,15.30,34681984
10-Mar-14,15.50,15.64,15.45,15.51,30529475
7-Mar-14,15.72,15.80,15.54,15.62,23726212
6-Mar-14,15.72,15.83,15.66,15.67,26660880
5-Mar-14,15.38,15.67,15.36,15.63,33000463
4-Mar-14,15.33,15.39,15.26,15.37,33116978
3-Mar-14,15.20,15.32,15.03,15.20,42914671
28-Feb-14,15.33,15.41,15.23,15.39,35692576
27-Feb-14,15.22,15.43,15.16,15.39,25822500
26-Feb-14,15.14,15.46,15.07,15.26,34966174
25-Feb-14,15.21,15.29,15.11,15.15,26479906
24-Feb-14,15.18,15.36,15.12,15.18,30629450
21-Feb-14,15.27,15.31,15.11,15.16,30089853
20-Feb-14,15.27,15.30,15.15,15.27,20654509
19-Feb-14,15.31,15.49,15.21,15.25,26345821
18-Feb-14,15.38,15.45,15.28,15.39,32322743
14-Feb-14,15.12,15.36,15.03,15.24,34400611
13-Feb-14,14.90,15.09,14.88,15.08,27131381
12-Feb-14,15.09,15.12,14.99,15.00,30597596
11-Feb-14,14.91,15.01,14.82,14.96,43604028
10-Feb-14,15.05,15.06,14.78,14.84,36280458
7-Feb-14,14.94,15.13,14.94,14.97,38649934
6-Feb-14,14.57,14.85,14.53,14.85,47659208
5-Feb-14,14.93,14.93,14.50,14.73,45571821
4-Feb-14,14.57,14.93,14.45,14.87,55444561
3-Feb-14,15.00,15.00,14.40,14.55,92458982
31-Jan-14,15.09,15.10,14.90,14.96,64223473
30-Jan-14,15.43,15.45,15.18,15.25,32712080
29-Jan-14,15.48,15.53,15.20,15.26,52359616
28-Jan-14,15.97,16.01,15.51,15.72,57854595
27-Jan-14,15.90,15.91,15.52,15.71,51362330
24-Jan-14,16.19,16.21,15.78,15.83,66257584
23-Jan-14,16.49,16.53,16.31,16.43,37967030
22-Jan-14,16.44,16.62,16.37,16.55,28873495
21-Jan-14,16.64,16.68,16.36,16.41,35695984
17-Jan-14,16.78,16.78,16.45,16.52,37283693
16-Jan-14,16.67,16.76,16.56,16.73,38469015
15-Jan-14,16.37,16.73,16.35,16.70,64167826
14-Jan-14,16.31,16.43,16.17,16.40,44158912
13-Jan-14,16.37,16.53,16.08,16.11,57736069
10-Jan-14,16.01,16.11,15.94,16.07,45141418
9-Jan-14,15.83,16.02,15.77,15.84,68016443
8-Jan-14,15.60,15.71,15.51,15.54,48519024
7-Jan-14,15.73,15.74,15.35,15.38,54797493
6-Jan-14,15.72,15.76,15.52,15.58,42672711
3-Jan-14,15.52,15.64,15.30,15.51,46128798
2-Jan-14,15.42,15.45,15.28,15.44,31544161
31-Dec-13,15.29,15.43,15.26,15.43,27836412
30-Dec-13,15.36,15.42,15.25,15.28,32838079
27-Dec-13,15.35,15.35,15.25,15.30,21841879
26-Dec-13,15.23,15.34,15.22,15.33,24966315
24-Dec-13,15.20,15.23,15.10,15.19,22642196
23-Dec-13,15.49,15.50,15.12,15.15,59222326
20-Dec-13,15.35,15.50,15.32,15.42,61508271
19-Dec-13,15.50,15.50,15.25,15.30,84659737
18-Dec-13,15.99,16.00,15.17,15.65,220362796
17-Dec-13,16.86,16.99,16.66,16.70,40555838
16-Dec-13,16.72,16.94,16.71,16.86,38001844
13-Dec-13,16.48,16.79,16.46,16.59,48535508
12-Dec-13,16.36,16.46,16.20,16.39,30945439
11-Dec-13,16.54,16.61,16.33,16.41,37848806
10-Dec-13,16.55,16.69,16.51,16.53,30523595
9-Dec-13,16.68,16.79,16.50,16.56,34379294
6-Dec-13,16.92,16.95,16.62,16.70,33263140
5-Dec-13,16.66,16.86,16.52,16.74,44793782
4-Dec-13,16.61,16.76,16.49,16.62,40104004
3-Dec-13,17.05,17.20,16.42,16.56,74867006
2-Dec-13,17.12,17.20,17.03,17.06,27749579
29-Nov-13,17.06,17.18,17.04,17.08,14918840
27-Nov-13,16.86,17.09,16.81,17.03,31559712
26-Nov-13,17.05,17.05,16.85,16.87,26440554
25-Nov-13,17.10,17.14,16.93,16.94,25129544
22-Nov-13,17.12,17.14,17.00,17.01,29794776
21-Nov-13,17.01,17.15,16.98,17.09,33051191
20-Nov-13,16.89,17.08,16.84,16.92,31087637
19-Nov-13,16.99,17.03,16.82,16.87,26841783
18-Nov-13,17.07,17.18,16.92,16.98,31231282
15-Nov-13,17.13,17.15,17.00,17.07,33105205
14-Nov-13,17.12,17.20,17.01,17.09,35559912
13-Nov-13,16.66,17.10,16.64,17.10,39159991
12-Nov-13,16.80,16.85,16.66,16.72,31432341
11-Nov-13,16.87,17.14,16.73,16.89,29561199
8-Nov-13,16.66,16.87,16.61,16.85,38987344
7-Nov-13,16.91,16.92,16.53,16.55,47526874
6-Nov-13,17.16,17.20,16.85,16.91,37052438
5-Nov-13,16.89,17.14,16.83,17.09,43523805
4-Nov-13,16.97,17.01,16.78,17.00,33974656
1-Nov-13,17.24,17.24,16.76,16.89,52492989
31-Oct-13,17.29,17.33,17.10,17.11,38742669
30-Oct-13,17.62,17.64,17.25,17.34,39898538
29-Oct-13,17.57,17.62,17.41,17.61,36931547
28-Oct-13,17.66,17.72,17.52,17.57,37323019
25-Oct-13,17.84,17.85,17.42,17.60,47515737
24-Oct-13,18.01,18.02,17.64,17.76,71402545
23-Oct-13,17.66,17.71,17.39,17.52,45496200
22-Oct-13,17.55,17.68,17.44,17.60,30226515
21-Oct-13,17.59,17.60,17.41,17.50,22159654
18-Oct-13,17.52,17.55,17.43,17.53,23022146
17-Oct-13,17.24,17.49,17.24,17.46,26889382
16-Oct-13,17.08,17.29,17.03,17.29,33098327
15-Oct-13,17.18,17.21,16.95,16.97,39294096
14-Oct-13,16.93,17.25,16.92,17.18,31229631
11-Oct-13,17.02,17.12,16.88,17.11,30814195
10-Oct-13,16.87,17.00,16.83,16.93,46955720
9-Oct-13,16.51,16.74,16.35,16.62,50838247
8-Oct-13,16.83,16.85,16.45,16.50,45491260
7-Oct-13,16.86,16.95,16.81,16.81,30339569
4-Oct-13,16.97,17.14,16.94,17.09,24997202
3-Oct-13,17.11,17.17,16.76,16.95,36628838
2-Oct-13,17.09,17.22,16.95,17.21,29527297
1-Oct-13,16.93,17.34,16.92,17.19,41816955
30-Sep-13,16.77,17.01,16.69,16.87,36511331
27-Sep-13,17.17,17.20,17.00,17.05,34024213
26-Sep-13,17.26,17.38,17.12,17.27,32360852
25-Sep-13,17.25,17.40,17.16,17.19,31638500
24-Sep-13,17.23,17.40,17.08,17.26,33788944
23-Sep-13,17.27,17.35,16.98,17.20,42739876
20-Sep-13,17.71,17.71,17.30,17.39,47961983
19-Sep-13,17.75,17.77,17.51,17.66,30750335
18-Sep-13,17.36,17.77,17.34,17.62,45175026
17-Sep-13,17.35,17.45,17.30,17.44,23176278
16-Sep-13,17.53,17.59,17.30,17.35,27078925
13-Sep-13,17.45,17.49,17.28,17.35,21581414
12-Sep-13,17.55,17.56,17.31,17.39,26855331
11-Sep-13,17.50,17.58,17.39,17.54,32865544
10-Sep-13,17.49,17.68,17.37,17.55,45861816
9-Sep-13,17.11,17.41,17.10,17.31,38516902
6-Sep-13,17.33,17.34,16.82,17.00,61743596
5-Sep-13,17.10,17.35,17.03,17.30,55979780
4-Sep-13,16.38,17.02,16.37,16.91,69543347
3-Sep-13,16.42,16.54,16.21,16.34,33457667
30-Aug-13,16.58,16.59,16.12,16.19,40290569
29-Aug-13,16.21,16.66,16.15,16.50,47727543
28-Aug-13,15.86,16.15,15.71,16.02,37035369
27-Aug-13,16.16,16.18,15.85,15.88,44005234
26-Aug-13,16.44,16.62,16.38,16.41,24792587
23-Aug-13,16.47,16.52,16.35,16.45,21547927
22-Aug-13,16.29,16.49,16.25,16.41,16471896
21-Aug-13,16.31,16.42,16.11,16.25,34926512
20-Aug-13,16.06,16.36,15.82,16.31,42599238
19-Aug-13,16.29,16.31,16.11,16.12,28013524
16-Aug-13,16.45,16.60,16.22,16.30,30477287
15-Aug-13,16.71,16.73,16.22,16.43,55905236
14-Aug-13,17.04,17.06,16.85,16.89,29255631
13-Aug-13,17.15,17.21,16.96,17.06,22371904
12-Aug-13,16.91,17.14,16.89,17.07,23170601
9-Aug-13,16.95,17.11,16.94,17.02,25640699
8-Aug-13,16.94,17.03,16.87,16.98,26626154
7-Aug-13,16.95,16.96,16.72,16.77,33058014
6-Aug-13,17.18,17.23,17.00,17.03,29013933
5-Aug-13,17.44,17.50,17.11,17.19,53812955
2-Aug-13,17.15,17.50,17.12,17.50,32234781
1-Aug-13,17.04,17.21,16.95,17.19,39519529
31-Jul-13,17.09,17.15,16.84,16.88,42167282
30-Jul-13,17.19,17.25,17.06,17.08,25879793
29-Jul-13,17.08,17.19,17.05,17.08,27831435
26-Jul-13,16.92,17.13,16.90,17.02,30356128
25-Jul-13,17.26,17.27,16.88,16.96,51596223
24-Jul-13,17.48,17.68,17.25,17.37,78609334
23-Jul-13,17.16,17.17,16.82,16.94,35019062
22-Jul-13,16.87,17.04,16.83,17.04,28747564
19-Jul-13,16.89,16.89,16.65,16.76,29593880
18-Jul-13,16.82,16.98,16.78,16.93,24606383
17-Jul-13,16.64,16.83,16.62,16.78,27888019
16-Jul-13,16.95,16.95,16.41,16.60,63282542
15-Jul-13,17.24,17.29,17.10,17.12,26663467
12-Jul-13,16.98,17.11,16.97,17.11,27306032
11-Jul-13,16.95,16.99,16.86,16.98,34601765
10-Jul-13,16.76,16.88,16.65,16.72,38164691
9-Jul-13,16.86,16.94,16.72,16.84,33770384
8-Jul-13,16.85,16.93,16.75,16.81,42020774
5-Jul-13,16.53,16.74,16.48,16.70,44732244
3-Jul-13,16.15,16.45,16.14,16.43,38114464
2-Jul-13,15.76,16.21,15.69,16.18,70277383
1-Jul-13,15.61,15.79,15.56,15.74,36012492
28-Jun-13,15.56,15.65,15.44,15.47,45071327
27-Jun-13,15.43,15.70,15.39,15.65,35859602
26-Jun-13,15.16,15.31,15.10,15.29,39603739
25-Jun-13,14.85,15.00,14.84,14.97,34037202
24-Jun-13,14.67,14.83,14.30,14.67,58604767
21-Jun-13,15.02,15.06,14.59,15.00,48242170
20-Jun-13,15.19,15.28,14.75,14.82,57317740
19-Jun-13,15.60,15.62,15.31,15.32,35997899
18-Jun-13,15.54,15.71,15.44,15.65,25959707
17-Jun-13,15.53,15.72,15.44,15.55,31359990
14-Jun-13,15.52,15.57,15.35,15.37,27152888
13-Jun-13,15.31,15.60,15.18,15.58,34327479
12-Jun-13,15.63,15.71,15.31,15.37,36213590
11-Jun-13,15.52,15.68,15.40,15.51,35334834
10-Jun-13,15.86,15.90,15.60,15.71,29589984
7-Jun-13,15.58,15.76,15.46,15.73,37107776
6-Jun-13,15.25,15.48,15.06,15.44,54820077
5-Jun-13,15.70,15.71,15.18,15.25,64862392
4-Jun-13,15.98,16.09,15.63,15.78,50273310
3-Jun-13,15.93,16.08,15.51,15.89,59023547
31-May-13,15.88,16.04,15.68,15.68,52118915
30-May-13,15.76,16.02,15.74,15.90,61804939
29-May-13,15.27,15.72,15.24,15.63,65167317
28-May-13,15.22,15.35,15.10,15.28,59250415
24-May-13,14.71,14.88,14.66,14.79,25291612
23-May-13,14.50,14.94,14.37,14.81,49131116
22-May-13,15.08,15.32,14.86,14.97,67177911
21-May-13,15.07,15.22,14.75,14.95,61840257
20-May-13,15.01,15.23,15.00,15.05,34582931
17-May-13,14.79,15.15,14.75,15.08,59748157
16-May-13,14.77,14.85,14.60,14.64,40931349
15-May-13,14.28,14.77,14.27,14.67,56874913
14-May-13,14.00,14.30,13.98,14.27,32394467
13-May-13,14.10,14.12,13.92,14.01,22763720
10-May-13,14.21,14.23,14.02,14.11,30887495
9-May-13,14.19,14.26,14.16,14.20,30576820
8-May-13,14.15,14.24,14.10,14.21,33340148
7-May-13,14.20,14.25,14.09,14.19,42076994
6-May-13,13.86,14.15,13.83,14.09,53821305
3-May-13,13.58,13.83,13.57,13.83,45935157
2-May-13,13.54,13.55,13.38,13.41,33982885
1-May-13,13.64,13.78,13.35,13.38,39353961
30-Apr-13,13.66,13.74,13.52,13.71,24864640
29-Apr-13,13.73,13.76,13.57,13.66,20670649
26-Apr-13,13.52,13.76,13.45,13.67,43817859
25-Apr-13,13.40,13.56,13.35,13.47,42025162
24-Apr-13,13.48,13.54,13.12,13.33,46035817
23-Apr-13,13.12,13.45,13.11,13.36,40082561
22-Apr-13,12.97,13.08,12.80,13.06,26089760
19-Apr-13,12.88,12.97,12.75,12.93,26972696
18-Apr-13,12.94,12.98,12.65,12.75,34884614
17-Apr-13,12.97,13.05,12.80,12.92,44583548
16-Apr-13,13.17,13.24,13.00,13.12,36346119
15-Apr-13,13.36,13.46,12.91,12.95,55886297
12-Apr-13,13.43,13.55,13.26,13.53,37956247
11-Apr-13,13.15,13.58,13.13,13.55,51493264
10-Apr-13,12.87,13.13,12.82,13.12,31095580
9-Apr-13,12.85,12.96,12.75,12.80,29826101
8-Apr-13,12.45,12.83,12.40,12.78,23891018
5-Apr-13,12.43,12.50,12.15,12.44,42610678
4-Apr-13,12.68,12.78,12.45,12.65,29808049
3-Apr-13,13.05,13.05,12.59,12.68,45191908
2-Apr-13,13.00,13.19,12.96,13.01,35197488
1-Apr-13,13.01,13.15,12.90,12.90,32966117
28-Mar-13,13.24,13.24,13.10,13.15,25474731
27-Mar-13,13.23,13.25,13.10,13.22,26240589
26-Mar-13,13.35,13.37,13.24,13.31,24241255
25-Mar-13,13.31,13.40,13.26,13.29,27244507
22-Mar-13,13.24,13.31,13.20,13.26,21423866
21-Mar-13,13.25,13.42,13.23,13.26,29740265
20-Mar-13,13.22,13.40,13.18,13.36,32693970
19-Mar-13,13.27,13.35,13.09,13.16,37639927
18-Mar-13,13.16,13.39,12.80,13.26,36877663
15-Mar-13,13.31,13.45,13.26,13.45,63020566
14-Mar-13,13.43,13.45,13.37,13.43,31658247
13-Mar-13,13.37,13.45,13.35,13.40,26467775
12-Mar-13,13.37,13.47,13.17,13.39,46047560
11-Mar-13,12.97,13.40,12.90,13.34,48696891
8-Mar-13,12.94,12.99,12.80,12.98,24719817
7-Mar-13,12.89,12.91,12.77,12.83,27712234
6-Mar-13,12.97,13.00,12.85,12.89,28953328
5-Mar-13,12.87,12.98,12.79,12.87,26869986
4-Mar-13,12.55,12.75,12.53,12.75,24347037
1-Mar-13,12.56,12.75,12.38,12.61,38807257
28-Feb-13,12.78,12.87,12.60,12.61,37696963
27-Feb-13,12.35,12.85,12.35,12.76,51580730
26-Feb-13,12.24,12.35,12.11,12.34,29194291
25-Feb-13,12.53,12.57,12.10,12.13,38631331
22-Feb-13,12.44,12.50,12.31,12.48,23874588
21-Feb-13,12.51,12.51,12.30,12.39,43735721
20-Feb-13,12.95,12.98,12.57,12.60,50381862
19-Feb-13,13.04,13.09,12.90,12.99,31092172
15-Feb-13,13.14,13.14,13.01,13.02,32449504
14-Feb-13,13.00,13.17,12.96,13.11,33496430
13-Feb-13,13.11,13.14,12.99,13.04,24513057
12-Feb-13,13.12,13.20,13.05,13.08,26243299
11-Feb-13,13.06,13.20,13.02,13.11,17692091
8-Feb-13,13.10,13.16,13.05,13.10,18613281
7-Feb-13,13.26,13.31,13.00,13.07,33987445
6-Feb-13,13.13,13.27,13.05,13.20,33529998
5-Feb-13,12.97,13.25,12.94,13.18,39122700
4-Feb-13,12.94,13.00,12.86,12.88,32709302
1-Feb-13,13.10,13.13,12.94,13.02,45225661
31-Jan-13,12.86,13.02,12.67,12.95,65925358
30-Jan-13,13.01,13.20,12.89,12.93,59595828
29-Jan-13,13.56,13.61,12.89,13.14,131148806
28-Jan-13,13.49,13.82,13.42,13.78,51190789
25-Jan-13,13.83,13.84,13.64,13.68,53405308
24-Jan-13,13.82,13.98,13.81,13.87,42536100
23-Jan-13,14.00,14.02,13.79,13.88,58122134
22-Jan-13,14.06,14.19,14.00,14.17,35475103
18-Jan-13,14.10,14.13,13.97,14.11,45726597
17-Jan-13,14.27,14.30,14.07,14.22,44299777
16-Jan-13,14.16,14.25,14.01,14.22,51453381
15-Jan-13,13.91,14.30,13.89,14.30,55424950
14-Jan-13,14.04,14.08,13.86,13.99,46224784
11-Jan-13,14.00,14.07,13.90,14.00,67646787
10-Jan-13,13.78,13.94,13.68,13.83,84885422
9-Jan-13,13.40,13.60,13.39,13.47,36980742
8-Jan-13,13.38,13.43,13.20,13.35,46336615
7-Jan-13,13.52,13.58,13.35,13.43,43482370
4-Jan-13,13.51,13.61,13.35,13.57,54674987
3-Jan-13,13.24,13.70,13.05,13.46,121284681
2-Jan-13,13.23,13.28,13.00,13.20,75274979
31-Dec-12,12.88,13.08,12.76,12.95,106936306
28-Dec-12,12.54,12.88,12.52,12.87,95668559
27-Dec-12,12.79,12.81,12.36,12.76,108315027
26-Dec-12,12.31,12.79,12.31,12.79,140331857
24-Dec-12,11.67,12.40,11.67,12.40,91734838
21-Dec-12,11.55,11.86,11.47,11.86,94519480
20-Dec-12,11.74,11.80,11.58,11.77,47756287
19-Dec-12,11.79,11.85,11.62,11.73,54886619
18-Dec-12,11.48,11.68,11.40,11.67,61814946
17-Dec-12,11.16,11.41,11.14,11.39,46998706
14-Dec-12,11.27,11.27,11.03,11.10,36936323
13-Dec-12,11.46,11.50,11.21,11.27,35445838
12-Dec-12,11.52,11.56,11.43,11.47,31104469
11-Dec-12,11.51,11.58,11.40,11.49,36329407
10-Dec-12,11.41,11.53,11.41,11.47,26028557
7-Dec-12,11.27,11.50,11.26,11.48,38411368
6-Dec-12,11.26,11.31,11.19,11.24,31068892
5-Dec-12,11.32,11.40,11.18,11.31,33156540
4-Dec-12,11.40,11.44,11.23,11.31,37766966
3-Dec-12,11.56,11.70,11.40,11.41,47748982
30-Nov-12,11.52,11.60,11.33,11.45,41336004
29-Nov-12,11.32,11.53,11.32,11.53,57289231
28-Nov-12,11.05,11.26,10.98,11.25,38496829
27-Nov-12,11.10,11.27,11.10,11.10,37615831
26-Nov-12,11.05,11.14,10.97,11.10,26831692
23-Nov-12,10.98,11.10,10.96,11.10,16032160
21-Nov-12,10.84,11.00,10.80,10.92,21184553
20-Nov-12,10.85,11.02,10.76,10.85,34745028
19-Nov-12,10.65,10.90,10.65,10.83,39359184
16-Nov-12,10.58,10.64,10.38,10.50,45346501
15-Nov-12,10.57,10.80,10.46,10.57,48895302
14-Nov-12,11.02,11.05,10.62,10.67,45664660
13-Nov-12,10.89,11.10,10.86,11.00,33348310
12-Nov-12,11.03,11.16,10.96,10.97,25723034
9-Nov-12,10.76,11.10,10.71,10.93,40705668
8-Nov-12,11.07,11.23,10.89,10.90,45949474
7-Nov-12,11.25,11.34,11.04,11.06,56679828
6-Nov-12,11.33,11.59,11.26,11.42,51232169
5-Nov-12,11.15,11.35,11.13,11.25,38004091
2-Nov-12,11.31,11.38,11.15,11.17,53408605
1-Nov-12,11.19,11.30,10.88,11.25,88770053
31-Oct-12,10.70,11.17,10.60,11.16,137970789
26-Oct-12,10.35,10.42,10.22,10.36,43489899
25-Oct-12,10.42,10.49,10.28,10.39,59298137
24-Oct-12,10.08,10.29,10.01,10.17,49341441
23-Oct-12,10.02,10.11,9.97,10.00,32484180
22-Oct-12,10.14,10.24,10.03,10.17,39149657
19-Oct-12,10.42,10.43,10.13,10.18,40496019
18-Oct-12,10.36,10.57,10.33,10.43,44044130
17-Oct-12,10.31,10.41,10.26,10.41,29346232
16-Oct-12,10.26,10.32,10.22,10.30,32788360
15-Oct-12,10.11,10.25,10.09,10.22,26466464
12-Oct-12,10.14,10.25,10.09,10.12,24113287
11-Oct-12,10.06,10.26,10.05,10.14,39328678
10-Oct-12,10.12,10.12,9.95,9.98,33959223
9-Oct-12,10.21,10.25,10.02,10.10,38244868
8-Oct-12,10.06,10.12,9.99,10.05,25476621
5-Oct-12,10.17,10.28,10.13,10.16,40696229
4-Oct-12,10.06,10.15,9.96,10.11,46858290
3-Oct-12,9.82,10.02,9.76,9.94,51024134
2-Oct-12,10.01,10.05,9.71,9.79,63638421
1-Oct-12,9.89,10.08,9.88,9.93,33446686
28-Sep-12,9.99,10.00,9.81,9.86,44594154
27-Sep-12,10.13,10.18,10.02,10.02,25740901
26-Sep-12,9.98,10.12,9.86,10.01,44365526
25-Sep-12,10.35,10.37,10.06,10.09,36868848
24-Sep-12,10.30,10.40,10.26,10.32,28558250
21-Sep-12,10.53,10.54,10.36,10.40,35467037
20-Sep-12,10.48,10.52,10.35,10.44,28756899
19-Sep-12,10.49,10.66,10.45,10.59,42408207
18-Sep-12,10.30,10.45,10.28,10.42,34945184
17-Sep-12,10.27,10.42,10.26,10.39,31929468
14-Sep-12,10.41,10.57,10.39,10.53,55946745
13-Sep-12,10.20,10.38,10.12,10.34,50923252
12-Sep-12,10.25,10.30,10.17,10.21,28046501
11-Sep-12,10.18,10.25,10.13,10.15,28165249
10-Sep-12,10.08,10.28,10.06,10.11,43381269
7-Sep-12,9.95,10.23,9.93,10.14,60622137
6-Sep-12,9.66,9.96,9.66,9.92,68002262
5-Sep-12,9.45,9.62,9.39,9.57,40616164
4-Sep-12,9.42,9.47,9.35,9.41,37964956
31-Aug-12,9.39,9.43,9.31,9.34,28029580
30-Aug-12,9.30,9.34,9.25,9.31,16466623
29-Aug-12,9.33,9.40,9.29,9.32,26119553
28-Aug-12,9.37,9.44,9.31,9.34,23084461
27-Aug-12,9.51,9.52,9.38,9.39,22755278
24-Aug-12,9.42,9.52,9.41,9.49,19578823
23-Aug-12,9.45,9.54,9.42,9.45,23537661
22-Aug-12,9.50,9.56,9.40,9.49,26969915
21-Aug-12,9.65,9.70,9.52,9.53,26296175
20-Aug-12,9.58,9.64,9.51,9.63,38923772
17-Aug-12,9.66,9.78,9.60,9.63,34533815
16-Aug-12,9.50,9.67,9.49,9.59,34329274
15-Aug-12,9.44,9.54,9.41,9.49,21308243
14-Aug-12,9.45,9.66,9.42,9.44,47635316
13-Aug-12,9.35,9.42,9.25,9.40,21129483
10-Aug-12,9.30,9.36,9.23,9.35,19620099
9-Aug-12,9.31,9.46,9.30,9.34,30911270
8-Aug-12,9.25,9.38,9.24,9.35,22637631
7-Aug-12,9.18,9.39,9.18,9.31,43581124
6-Aug-12,9.13,9.21,9.09,9.15,23819990
3-Aug-12,9.02,9.15,8.96,9.09,38635840
2-Aug-12,8.99,9.03,8.82,8.92,45326500
1-Aug-12,-,-,-,9.24,0
31-Jul-12,9.13,9.28,9.12,9.24,41384782
30-Jul-12,9.04,9.18,9.01,9.10,40966926
27-Jul-12,8.99,9.10,8.88,9.00,67989295
26-Jul-12,9.05,9.11,8.83,8.96,51818632
25-Jul-12,9.17,9.20,8.91,8.97,44341631
24-Jul-12,9.17,9.24,8.95,9.06,53519167
23-Jul-12,9.08,9.20,9.05,9.17,33779842
20-Jul-12,9.28,9.35,9.18,9.21,27973115
19-Jul-12,9.45,9.50,9.33,9.35,33614947
18-Jul-12,9.38,9.52,9.34,9.38,31009999
17-Jul-12,9.28,9.35,9.12,9.34,29516932
16-Jul-12,9.22,9.32,9.15,9.26,28840549
13-Jul-12,9.16,9.32,9.14,9.27,30249564
12-Jul-12,9.26,9.28,9.12,9.13,55110953
11-Jul-12,9.33,9.38,9.26,9.33,32034530
10-Jul-12,9.50,9.55,9.28,9.35,33523039
9-Jul-12,9.46,9.47,9.31,9.45,37441545
6-Jul-12,9.47,9.52,9.40,9.50,30362984
5-Jul-12,9.67,9.74,9.53,9.57,31783831
3-Jul-12,9.53,9.79,9.49,9.60,49629310
2-Jul-12,9.50,9.60,9.30,9.39,63406824
29-Jun-12,9.95,9.98,9.46,9.59,138158551
28-Jun-12,9.93,10.09,9.93,10.09,38649023
27-Jun-12,10.05,10.10,9.97,10.02,33283364
26-Jun-12,10.06,10.08,9.96,10.01,31895220
25-Jun-12,10.13,10.18,9.95,10.01,44299189
22-Jun-12,10.35,10.40,10.18,10.19,56547095
21-Jun-12,10.65,10.68,10.25,10.27,40062708
20-Jun-12,10.58,10.74,10.52,10.65,40811691
19-Jun-12,10.37,10.64,10.35,10.56,37162157
18-Jun-12,10.35,10.40,10.26,10.34,27379767
15-Jun-12,10.40,10.42,10.26,10.35,39461393
14-Jun-12,10.27,10.45,10.21,10.41,37539824
13-Jun-12,10.39,10.48,10.22,10.30,41384185
12-Jun-12,10.47,10.55,10.31,10.50,35145470
11-Jun-12,10.77,10.80,10.45,10.45,35811381
8-Jun-12,10.48,10.68,10.38,10.66,30816637
7-Jun-12,10.73,10.78,10.52,10.55,33846133
6-Jun-12,10.29,10.58,10.27,10.57,50461111
5-Jun-12,10.01,10.24,9.97,10.19,38326250
4-Jun-12,10.15,10.18,9.91,10.04,57311499
1-Jun-12,10.33,10.46,10.06,10.12,68237494
31-May-12,10.62,10.68,10.40,10.56,54328730
30-May-12,10.73,10.75,10.52,10.66,44601645
29-May-12,10.69,10.88,10.68,10.84,43785520
25-May-12,10.61,10.68,10.51,10.60,30441198
24-May-12,10.50,10.62,10.38,10.59,45334026
23-May-12,10.32,10.45,10.22,10.41,75648861
22-May-12,10.25,10.40,10.15,10.19,44295612
21-May-12,10.02,10.23,10.00,10.20,38137132
18-May-12,10.08,10.18,9.96,10.01,50571952
17-May-12,10.16,10.25,10.01,10.01,49660696
16-May-12,10.23,10.43,10.15,10.16,44321448
15-May-12,10.34,10.34,10.10,10.15,41923652
14-May-12,10.41,10.52,10.30,10.32,50225126
11-May-12,10.61,10.83,10.56,10.58,36568171
10-May-12,10.83,10.86,10.66,10.71,42526056
9-May-12,10.48,10.81,10.41,10.69,54512461
8-May-12,10.60,10.64,10.40,10.61,46195523
7-May-12,10.53,10.79,10.52,10.66,33246708
4-May-12,10.84,10.87,10.63,10.67,53268320
3-May-12,11.13,11.15,10.85,10.92,40243341
2-May-12,11.16,11.17,11.00,11.10,48572883
1-May-12,11.25,11.34,11.11,11.23,44020268
30-Apr-12,11.42,11.57,11.15,11.28,46156263
27-Apr-12,12.03,12.04,11.52,11.60,76455981
26-Apr-12,11.71,11.93,11.67,11.87,40894070
25-Apr-12,11.51,11.75,11.43,11.73,45185958
24-Apr-12,11.61,11.61,11.36,11.39,38656280
23-Apr-12,11.15,11.40,11.15,11.35,31311920
20-Apr-12,11.71,11.72,11.39,11.41,52630916
19-Apr-12,11.81,11.88,11.58,11.66,48172028
18-Apr-12,11.81,11.85,11.72,11.79,32328832
17-Apr-12,11.98,12.00,11.88,11.91,35994575
16-Apr-12,12.01,12.05,11.83,11.88,31903489
13-Apr-12,11.98,12.03,11.84,11.92,39707255
12-Apr-12,11.94,12.13,11.86,12.07,26988802
11-Apr-12,11.99,12.02,11.88,11.91,34757940
10-Apr-12,12.19,12.28,11.65,11.79,77373157
9-Apr-12,12.26,12.29,12.11,12.22,42515285
5-Apr-12,12.38,12.58,12.38,12.47,37939405
4-Apr-12,12.46,12.52,12.32,12.50,51507181
3-Apr-12,12.71,12.95,12.46,12.64,97034507
2-Apr-12,12.50,12.65,12.44,12.62,43966846
30-Mar-12,12.55,12.58,12.40,12.48,36391766
29-Mar-12,12.33,12.52,12.24,12.50,51039792
28-Mar-12,12.35,12.36,12.18,12.32,41051696
27-Mar-12,12.51,12.61,12.30,12.32,35070612
26-Mar-12,12.45,12.50,12.39,12.48,26756784
23-Mar-12,12.31,12.37,12.18,12.32,44759245
22-Mar-12,12.48,12.54,12.24,12.32,50125146
21-Mar-12,12.59,12.67,12.54,12.57,27528439
20-Mar-12,12.48,12.61,12.39,12.54,40217366
19-Mar-12,12.52,12.68,12.48,12.63,52445624
16-Mar-12,12.86,12.90,12.51,12.51,77123724
15-Mar-12,12.90,13.04,12.83,12.90,55316864
14-Mar-12,12.64,12.90,12.63,12.88,47578407
13-Mar-12,12.48,12.72,12.40,12.70,42783564
12-Mar-12,12.57,12.59,12.37,12.43,30275688
9-Mar-12,12.53,12.73,12.48,12.58,36162779
8-Mar-12,12.41,12.55,12.32,12.46,37130354
7-Mar-12,12.21,12.30,12.15,12.24,28440851
6-Mar-12,12.23,12.25,12.00,12.09,57374495
5-Mar-12,12.67,12.68,12.41,12.46,28438485
2-Mar-12,12.74,12.94,12.68,12.72,49064351
1-Mar-12,12.48,12.77,12.45,12.66,68263200
29-Feb-12,12.28,12.55,12.25,12.38,62093651
28-Feb-12,12.34,12.35,12.20,12.25,30789403
27-Feb-12,12.11,12.36,11.99,12.30,38703322
24-Feb-12,12.43,12.46,12.19,12.23,31399272
23-Feb-12,12.27,12.44,12.16,12.40,36747504
22-Feb-12,12.49,12.51,12.22,12.28,43325932
21-Feb-12,12.74,12.76,12.46,12.53,38436319
17-Feb-12,12.84,12.88,12.71,12.75,30777978
16-Feb-12,12.38,12.77,12.38,12.74,49166921
15-Feb-12,12.47,12.57,12.33,12.38,38174730
14-Feb-12,12.46,12.58,12.34,12.48,39641904
13-Feb-12,12.74,12.74,12.51,12.54,34474395
10-Feb-12,12.52,12.66,12.37,12.44,52507996
9-Feb-12,12.89,12.90,12.67,12.69,52290479
8-Feb-12,12.91,12.96,12.80,12.84,35352410
7-Feb-12,12.93,12.97,12.83,12.88,39413408
6-Feb-12,12.85,13.00,12.71,12.96,46363233
3-Feb-12,12.47,12.84,12.39,12.79,78851121
2-Feb-12,12.40,12.43,12.20,12.26,48347559
1-Feb-12,12.73,12.75,12.29,12.33,71668979
31-Jan-12,12.47,12.51,12.20,12.42,46425332
30-Jan-12,12.06,12.44,12.00,12.29,57752526
27-Jan-12,11.96,12.53,11.79,12.21,142155259
26-Jan-12,13.03,13.05,12.66,12.79,75470624
25-Jan-12,12.80,12.98,12.70,12.93,54021553
24-Jan-12,12.56,12.86,12.46,12.82,45768308
23-Jan-12,12.69,12.84,12.55,12.66,49388566
20-Jan-12,12.55,12.64,12.45,12.59,43705665
19-Jan-12,12.48,12.72,12.43,12.61,70894167
18-Jan-12,12.03,12.37,12.00,12.34,47102604
17-Jan-12,12.20,12.26,11.96,12.02,44398472
13-Jan-12,12.01,12.08,11.84,12.04,46388677
12-Jan-12,12.16,12.18,11.89,12.14,48687666
11-Jan-12,11.74,12.18,11.65,12.07,63806007
10-Jan-12,12.00,12.05,11.63,11.80,121750545
9-Jan-12,11.83,11.95,11.70,11.80,53981467
6-Jan-12,11.74,11.80,11.52,11.71,59840605
5-Jan-12,11.33,11.63,11.24,11.59,67877467
4-Jan-12,11.15,11.53,11.07,11.30,79725188
3-Jan-12,11.00,11.25,10.99,11.13,45709811
30-Dec-11,10.64,10.79,10.60,10.76,26815770
29-Dec-11,10.56,10.75,10.50,10.68,34317002
28-Dec-11,10.82,10.84,10.43,10.52,33450929
27-Dec-11,10.87,10.98,10.76,10.81,25444771
23-Dec-11,10.99,11.00,10.79,10.95,26952969
22-Dec-11,10.78,10.98,10.66,10.94,43983068
21-Dec-11,10.38,10.74,10.33,10.66,56203034
20-Dec-11,10.21,10.38,10.18,10.33,45235037
19-Dec-11,10.25,10.39,9.99,10.02,45068191
16-Dec-11,10.32,10.40,10.16,10.25,45999138
15-Dec-11,10.31,10.42,10.19,10.25,46640203
14-Dec-11,10.33,10.41,10.10,10.15,53224204
13-Dec-11,10.92,11.04,10.36,10.48,67905531
12-Dec-11,10.87,10.89,10.68,10.85,40785391
9-Dec-11,10.94,11.11,10.87,11.03,48326563
8-Dec-11,10.96,11.11,9.84,10.75,82552211
7-Dec-11,11.00,11.15,10.88,11.08,45168739
6-Dec-11,11.10,11.19,11.00,11.05,39786084
5-Dec-11,11.16,11.42,11.02,11.11,65924650
2-Dec-11,10.79,11.10,10.75,10.90,67252566
1-Dec-11,10.51,10.81,10.41,10.59,61396936
30-Nov-11,10.33,10.60,10.17,10.60,66922269
29-Nov-11,10.03,10.13,9.92,9.99,40449900
28-Nov-11,10.15,10.19,9.90,10.00,57953210
25-Nov-11,9.81,9.95,9.75,9.75,20118455
23-Nov-11,9.97,10.04,9.83,9.83,44979279
22-Nov-11,10.02,10.15,9.90,10.09,43750609
21-Nov-11,9.99,10.12,9.80,10.05,60890045
18-Nov-11,10.28,10.30,10.07,10.10,44421981
17-Nov-11,10.54,10.56,10.07,10.17,69670657
16-Nov-11,10.80,10.82,10.50,10.56,49001246
15-Nov-11,10.93,11.00,10.82,10.87,43972803
14-Nov-11,11.12,11.16,10.98,11.02,30530087
11-Nov-11,11.15,11.18,11.05,11.14,32872316
10-Nov-11,11.17,11.19,10.90,10.99,50555142
9-Nov-11,11.20,11.38,10.98,11.04,72025962
8-Nov-11,11.27,11.68,11.18,11.61,60893327
7-Nov-11,11.20,11.30,11.06,11.22,39924288
4-Nov-11,11.28,11.39,11.12,11.27,43133079
3-Nov-11,11.29,11.39,11.02,11.32,57802143
2-Nov-11,11.26,11.28,11.04,11.15,52811744
1-Nov-11,11.33,11.39,11.03,11.08,108259896
31-Oct-11,11.80,11.91,11.68,11.68,41740335
28-Oct-11,11.97,12.07,11.86,12.00,60363193
27-Oct-11,12.29,12.29,11.71,11.97,132558720
26-Oct-11,12.09,12.20,11.54,11.87,159678574
25-Oct-11,12.58,12.59,12.14,12.43,77049052
24-Oct-11,12.31,12.65,12.30,12.51,68986825
21-Oct-11,11.86,12.32,11.84,12.26,86635929
20-Oct-11,11.66,11.75,11.47,11.70,62145692
19-Oct-11,11.77,11.92,11.46,11.56,69510092
18-Oct-11,11.41,11.93,11.27,11.78,66804196
17-Oct-11,11.71,11.76,11.32,11.40,53715553
14-Oct-11,11.58,11.67,11.34,11.56,54535671
13-Oct-11,11.39,11.46,11.04,11.34,60021259
12-Oct-11,11.40,11.80,11.38,11.38,82907451
11-Oct-11,11.17,11.29,11.02,11.24,61331924
10-Oct-11,10.93,11.23,10.90,11.21,57668189
7-Oct-11,11.04,11.20,10.63,10.69,87812390
6-Oct-11,10.61,11.00,10.56,10.99,86277475
5-Oct-11,10.06,10.59,9.83,10.56,96318030
4-Oct-11,9.22,10.13,9.05,10.08,103876086
3-Oct-11,9.66,9.92,9.36,9.37,72828062
30-Sep-11,9.89,10.01,9.65,9.67,56819921
29-Sep-11,10.14,10.15,9.75,10.00,52634778
28-Sep-11,10.18,10.22,9.90,9.93,43567629
27-Sep-11,10.32,10.35,10.09,10.12,65062161
26-Sep-11,9.96,10.09,9.70,10.08,54424782
23-Sep-11,9.46,9.98,9.32,9.86,70702512
22-Sep-11,9.79,10.14,9.43,9.62,115851051
21-Sep-11,10.40,10.51,9.97,9.97,62309204
20-Sep-11,10.61,10.65,10.41,10.42,37706895
19-Sep-11,10.34,10.62,10.30,10.54,41663812
16-Sep-11,10.62,10.69,10.35,10.62,46859485
15-Sep-11,10.45,10.64,10.32,10.63,53843175
14-Sep-11,10.25,10.50,10.04,10.32,70810171
13-Sep-11,10.16,10.23,10.00,10.17,44205212
12-Sep-11,9.86,10.14,9.85,10.11,58351992
9-Sep-11,10.11,10.29,9.98,10.05,69911239
8-Sep-11,10.49,10.64,10.27,10.34,45105413
7-Sep-11,10.44,10.58,10.32,10.56,45052705
6-Sep-11,10.02,10.27,10.00,10.22,65565561
2-Sep-11,10.53,10.68,10.26,10.42,62020998
1-Sep-11,11.14,11.27,10.81,10.85,64030914
31-Aug-11,11.03,11.30,10.98,11.12,69283535
30-Aug-11,10.87,10.96,10.64,10.87,50354267
29-Aug-11,10.64,10.95,10.61,10.93,48857873
26-Aug-11,10.18,10.53,10.06,10.40,59398645
25-Aug-11,10.53,10.72,10.22,10.28,50165968
24-Aug-11,10.31,10.46,10.13,10.45,53035499
23-Aug-11,10.16,10.32,10.01,10.31,52107590
22-Aug-11,10.39,10.39,9.81,10.01,73424426
19-Aug-11,10.05,10.45,9.90,9.99,87207193
18-Aug-11,10.67,10.70,10.22,10.38,87187860
17-Aug-11,11.34,11.40,10.92,11.11,52261955
16-Aug-11,11.23,11.45,11.05,11.22,53398182
15-Aug-11,11.29,11.37,11.17,11.35,46295976
12-Aug-11,11.29,11.31,11.00,11.06,79279260
11-Aug-11,10.48,11.12,10.43,10.94,114926740
10-Aug-11,10.82,10.87,10.32,10.41,119886418
9-Aug-11,10.50,10.95,10.13,10.91,177330887
8-Aug-11,10.02,10.90,9.87,9.93,80275677
5-Aug-11,11.05,11.23,10.32,10.84,139254160
4-Aug-11,11.49,11.51,10.77,10.86,153368729
3-Aug-11,11.92,11.92,11.36,11.65,127291409
2-Aug-11,12.28,12.35,11.82,11.85,97171075
1-Aug-11,12.75,12.81,12.21,12.35,73793512
29-Jul-11,12.11,12.42,12.00,12.21,68621558
28-Jul-11,12.40,12.65,12.30,12.32,69884577
27-Jul-11,12.80,12.85,12.30,12.37,113808513
26-Jul-11,13.30,13.44,12.85,12.94,109165793
25-Jul-11,13.04,13.24,13.01,13.17,45334208
22-Jul-11,13.29,13.34,13.15,13.31,26480521
21-Jul-11,13.16,13.32,13.08,13.28,43706220
20-Jul-11,13.19,13.19,12.92,13.08,33450613
19-Jul-11,13.00,13.18,12.86,13.09,53892574
18-Jul-11,13.02,13.06,12.63,12.90,66084747
15-Jul-11,13.14,13.20,13.00,13.09,41225026
14-Jul-11,13.33,13.40,13.04,13.09,45988916
13-Jul-11,13.30,13.43,13.23,13.27,44328129
12-Jul-11,13.13,13.38,13.12,13.12,57768853
11-Jul-11,13.64,13.69,13.26,13.32,61376128
8-Jul-11,13.86,13.90,13.61,13.88,68554677
7-Jul-11,14.13,14.22,13.90,14.12,66182741
6-Jul-11,14.13,14.13,13.89,13.96,46235125
5-Jul-11,14.07,14.18,13.91,14.10,47019360
1-Jul-11,13.92,14.13,13.73,14.02,66311147
30-Jun-11,13.46,13.97,13.36,13.79,74123979
29-Jun-11,13.41,13.51,13.32,13.42,54119696
28-Jun-11,13.55,13.55,13.25,13.33,54017533
27-Jun-11,13.35,13.55,13.08,13.46,50006278
24-Jun-11,13.52,13.60,13.14,13.24,82743569
23-Jun-11,13.12,13.50,13.06,13.47,59361890
22-Jun-11,13.39,13.50,13.33,13.36,42589488
21-Jun-11,13.08,13.53,13.04,13.32,72508028
20-Jun-11,12.66,13.03,12.65,12.94,51392723
17-Jun-11,12.94,12.95,12.68,12.77,81066976
16-Jun-11,13.05,13.18,12.68,12.83,91842138
15-Jun-11,13.30,13.36,13.05,13.15,88736541
14-Jun-11,13.29,13.56,13.25,13.43,61363130
13-Jun-11,13.14,13.26,12.78,13.14,110748300
10-Jun-11,13.68,13.74,13.33,13.35,96683964
9-Jun-11,13.74,13.87,13.58,13.80,55365380
8-Jun-11,13.96,14.01,13.65,13.70,77161619
7-Jun-11,14.17,14.19,13.94,13.95,73293864
6-Jun-11,13.99,14.12,13.86,13.91,54183566
3-Jun-11,13.88,14.22,13.81,14.01,57295847
2-Jun-11,14.26,14.36,14.08,14.18,58588036
1-Jun-11,14.78,14.90,14.20,14.23,91509302
31-May-11,14.75,14.92,14.64,14.92,66438849
27-May-11,14.55,14.64,14.46,14.60,35654133
26-May-11,14.51,14.60,14.40,14.56,45970450
25-May-11,14.54,14.66,14.35,14.58,93974517
24-May-11,14.84,14.85,14.56,14.66,48890244
23-May-11,14.70,14.93,14.65,14.80,49541838
20-May-11,15.05,15.11,14.96,15.00,39287519
19-May-11,15.10,15.17,15.01,15.12,38719619
18-May-11,15.01,15.16,14.87,15.12,41282699
17-May-11,15.06,15.18,14.82,14.97,65269787
16-May-11,15.21,15.32,15.10,15.13,51708487
13-May-11,15.22,15.30,15.03,15.08,43326601
12-May-11,15.14,15.34,15.12,15.26,48857713
11-May-11,15.11,15.35,15.06,15.15,55013859
10-May-11,15.13,15.20,15.08,15.15,36654647
9-May-11,15.12,15.20,15.02,15.08,33380688
6-May-11,15.26,15.37,15.08,15.11,58410707
5-May-11,14.97,15.30,14.88,15.08,62569512
4-May-11,15.42,15.45,14.97,15.15,71777920
3-May-11,15.42,15.56,15.26,15.38,68681528
2-May-11,15.52,15.69,15.41,15.45,42187417
29-Apr-11,15.49,15.68,15.40,15.47,40215803
28-Apr-11,15.47,15.70,15.42,15.50,48148279
27-Apr-11,15.85,15.87,15.42,15.58,84395991
26-Apr-11,16.04,16.18,15.66,15.66,166852661
25-Apr-11,15.51,15.59,15.35,15.54,54777113
21-Apr-11,15.23,15.45,15.10,15.43,53198776
20-Apr-11,14.95,15.20,14.84,15.09,71006212
19-Apr-11,14.65,14.79,14.54,14.66,33587928
18-Apr-11,14.51,14.74,14.48,14.62,49845385
15-Apr-11,14.86,14.90,14.61,14.71,47501401
14-Apr-11,14.74,14.85,14.61,14.81,62386526
13-Apr-11,15.04,15.05,14.80,14.98,58745733
12-Apr-11,14.59,15.00,14.50,14.91,82765424
11-Apr-11,15.27,15.40,14.74,14.86,85631643
8-Apr-11,15.65,15.68,15.16,15.33,51197794
7-Apr-11,15.71,15.82,15.45,15.53,51336115
6-Apr-11,15.91,15.98,15.61,15.73,62322453
5-Apr-11,15.65,15.81,15.55,15.79,72461668
4-Apr-11,15.39,15.74,15.39,15.55,99126393
1-Apr-11,15.03,15.42,14.92,15.16,116309235
31-Mar-11,14.82,14.95,14.71,14.91,41975807
30-Mar-11,14.88,14.97,14.74,14.86,40931267
29-Mar-11,14.83,14.94,14.73,14.84,33304615
28-Mar-11,14.99,15.09,14.83,14.86,41290304
25-Mar-11,15.20,15.20,14.90,15.01,58966447
24-Mar-11,14.40,15.12,14.39,15.04,128208211
23-Mar-11,14.26,14.45,14.02,14.31,64447276
22-Mar-11,14.52,14.57,14.32,14.34,44832909
21-Mar-11,14.70,14.72,14.48,14.59,46489639
18-Mar-11,14.58,14.67,14.43,14.49,64591395
17-Mar-11,14.56,14.58,14.18,14.26,78692268
16-Mar-11,14.73,14.79,13.89,14.18,127903799
15-Mar-11,13.80,14.80,13.75,14.67,108984897
14-Mar-11,14.47,14.64,14.20,14.30,65186535
11-Mar-11,13.90,14.46,13.87,14.36,72258870
10-Mar-11,14.10,14.28,14.01,14.06,107253551
9-Mar-11,14.59,14.60,14.25,14.29,68056849
8-Mar-11,14.02,14.55,14.01,14.47,106709696
7-Mar-11,14.34,14.42,13.98,14.01,105402075
4-Mar-11,14.79,14.79,14.28,14.42,81624975
3-Mar-11,14.90,14.95,14.66,14.76,66722161
2-Mar-11,14.66,14.89,14.62,14.66,67126967
1-Mar-11,15.10,15.12,14.60,14.66,74339127
28-Feb-11,15.29,15.29,14.89,15.05,54120693
25-Feb-11,14.94,15.11,14.85,15.07,78341802
24-Feb-11,14.56,14.99,14.50,14.70,120283515
23-Feb-11,15.02,15.04,14.49,14.86,159528736
22-Feb-11,15.36,15.52,15.08,15.23,97449876
18-Feb-11,15.95,15.99,15.70,15.77,68773960
17-Feb-11,16.01,16.03,15.83,15.97,53727532
16-Feb-11,16.16,16.18,16.00,16.05,59843528
15-Feb-11,16.03,16.16,15.95,16.10,51612779
14-Feb-11,16.38,16.39,16.02,16.09,69632700
11-Feb-11,16.06,16.51,15.99,16.38,94736828
10-Feb-11,15.99,16.11,15.90,15.95,65334899
9-Feb-11,16.13,16.30,16.02,16.09,61896699
8-Feb-11,16.17,16.26,16.02,16.24,59674450
7-Feb-11,15.84,16.36,15.80,16.11,118132832
4-Feb-11,15.91,15.95,15.64,15.72,79198641
3-Feb-11,15.38,15.78,15.10,15.76,153131241
2-Feb-11,15.91,15.98,15.31,15.40,187008426
1-Feb-11,16.14,16.24,15.85,15.89,178894220
31-Jan-11,16.56,16.64,15.45,15.95,275198179
28-Jan-11,17.79,17.88,15.98,16.27,480879432
27-Jan-11,18.52,18.88,18.33,18.79,67711652
26-Jan-11,17.97,18.43,17.90,18.37,66834054
25-Jan-11,17.86,18.02,17.66,17.89,47155738
24-Jan-11,18.02,18.02,17.75,17.93,51698556
21-Jan-11,17.99,18.11,17.87,17.95,48717631
20-Jan-11,17.77,18.00,17.35,17.78,93501514
19-Jan-11,18.71,18.72,17.77,17.90,89216412
18-Jan-11,18.66,18.77,18.61,18.70,39737433
14-Jan-11,18.61,18.75,18.58,18.65,50279320
13-Jan-11,18.81,18.97,18.55,18.68,100531394
12-Jan-11,18.36,18.75,18.29,18.71,66841388
11-Jan-11,18.48,18.49,18.13,18.28,61312456
10-Jan-11,18.42,18.49,18.16,18.31,65348361
7-Jan-11,18.42,18.42,18.08,18.27,99029495
6-Jan-11,18.03,18.29,17.95,18.22,96284315
5-Jan-11,17.31,18.09,17.22,17.89,112377964
4-Jan-11,17.39,17.66,16.96,17.38,106477140
3-Jan-11,17.02,17.31,17.00,17.25,70794151
31-Dec-10,16.65,16.83,16.61,16.79,22425965
30-Dec-10,16.72,16.85,16.65,16.69,24055098
29-Dec-10,16.67,16.80,16.65,16.74,25556654
28-Dec-10,16.83,16.85,16.65,16.73,28413190
27-Dec-10,16.72,16.87,16.60,16.87,27710072
23-Dec-10,16.90,16.93,16.75,16.78,25767159
22-Dec-10,17.00,17.03,16.85,16.99,31602612
21-Dec-10,16.89,17.00,16.84,16.99,35603998
20-Dec-10,16.85,16.90,16.63,16.85,41879929
17-Dec-10,16.76,16.85,16.68,16.80,51948040
16-Dec-10,16.52,16.77,16.44,16.77,49567513
15-Dec-10,16.37,16.66,16.35,16.55,44901192
14-Dec-10,16.50,16.58,16.39,16.42,43069921
13-Dec-10,16.65,16.72,16.47,16.47,53899674
10-Dec-10,16.68,16.77,16.65,16.73,38195991
9-Dec-10,16.82,16.85,16.66,16.76,47280901
8-Dec-10,16.66,16.73,16.35,16.69,106699902
7-Dec-10,16.91,16.92,16.55,16.56,64104224
6-Dec-10,16.66,16.78,16.52,16.65,57290297
3-Dec-10,16.63,16.83,16.60,16.80,67399413
2-Dec-10,16.72,16.86,16.63,16.78,82484417
1-Dec-10,16.24,16.50,16.14,16.46,100724326
30-Nov-10,15.92,15.99,15.83,15.94,71737337
29-Nov-10,16.12,16.12,15.86,16.06,61577444
26-Nov-10,15.81,16.18,15.75,16.10,31557182
24-Nov-10,15.95,16.06,15.81,15.95,66919029
23-Nov-10,16.01,16.16,15.62,15.70,96689061
22-Nov-10,16.26,16.54,16.11,16.20,91288839
19-Nov-10,16.02,16.38,15.83,16.28,130323560
18-Nov-10,16.77,16.87,16.05,16.12,256937875
17-Nov-10,16.76,16.90,16.52,16.68,127748531
16-Nov-10,17.19,17.42,16.36,16.51,234693760
15-Nov-10,16.81,17.41,16.68,17.00,233268384
12-Nov-10,16.46,16.53,16.04,16.30,91657062
11-Nov-10,16.54,16.66,16.20,16.61,94746122
10-Nov-10,16.32,16.71,16.08,16.63,139738159
9-Nov-10,16.53,16.58,15.88,16.07,133717281
8-Nov-10,16.36,16.49,16.06,16.41,127385974
5-Nov-10,15.98,16.26,15.81,16.21,141539803
4-Nov-10,15.51,15.98,15.40,15.86,193231920
3-Nov-10,14.48,15.20,14.44,15.18,185668472
2-Nov-10,14.32,14.46,14.22,14.43,54691083
1-Nov-10,14.32,14.37,14.16,14.23,56605930
29-Oct-10,14.18,14.23,14.10,14.13,52281827
28-Oct-10,14.29,14.32,14.06,14.22,51719343
27-Oct-10,14.34,14.35,14.09,14.23,81025687
26-Oct-10,13.97,14.47,13.76,14.36,214814344
25-Oct-10,14.05,14.20,14.01,14.15,77370708
22-Oct-10,13.86,14.01,13.83,13.95,38003004
21-Oct-10,13.78,14.16,13.66,13.81,85364910
20-Oct-10,13.45,13.73,13.35,13.64,60800122
19-Oct-10,13.63,13.64,13.18,13.32,84613958
18-Oct-10,13.75,13.90,13.64,13.88,34938390
15-Oct-10,14.00,14.04,13.61,13.80,61337649
14-Oct-10,13.88,14.01,13.78,13.91,78814036
13-Oct-10,13.90,13.91,13.64,13.64,59061809
12-Oct-10,13.71,13.85,13.51,13.78,50056386
11-Oct-10,13.72,13.90,13.68,13.78,48002802
8-Oct-10,13.30,13.72,13.28,13.66,71857622
7-Oct-10,13.32,13.38,13.19,13.32,53526635
6-Oct-10,13.06,13.45,13.04,13.24,92325959
5-Oct-10,13.00,13.07,12.92,13.01,74701900
4-Oct-10,12.57,12.92,12.53,12.84,95949136
1-Oct-10,12.35,12.41,12.12,12.26,54565409
30-Sep-10,12.44,12.46,12.20,12.24,42679587
29-Sep-10,12.45,12.50,12.28,12.33,45211770
28-Sep-10,12.48,12.53,12.27,12.52,42674616
27-Sep-10,12.57,12.60,12.46,12.48,28805227
24-Sep-10,12.42,12.57,12.38,12.56,42647786
23-Sep-10,12.26,12.45,12.15,12.31,46873328
22-Sep-10,12.43,12.54,12.29,12.38,53190343
21-Sep-10,12.53,12.75,12.51,12.55,59130813
20-Sep-10,12.55,12.60,12.38,12.57,49864507
17-Sep-10,12.53,12.54,12.34,12.49,68954533
16-Sep-10,12.12,12.53,12.10,12.44,141408427
15-Sep-10,11.93,11.96,11.76,11.87,54102615
14-Sep-10,11.96,12.05,11.89,11.98,39772203
13-Sep-10,11.93,12.00,11.84,11.99,36689671
10-Sep-10,11.81,11.98,11.75,11.79,37858737
9-Sep-10,11.96,12.04,11.64,11.75,48528444
8-Sep-10,11.81,11.95,11.70,11.80,40798682
7-Sep-10,12.01,12.07,11.78,11.80,42497553
3-Sep-10,11.88,12.14,11.84,12.07,65243857
2-Sep-10,11.68,11.83,11.57,11.71,39943541
1-Sep-10,11.53,11.89,11.46,11.61,81988740
31-Aug-10,11.27,11.46,11.13,11.28,64987238
30-Aug-10,11.58,11.68,11.35,11.35,33651452
27-Aug-10,11.26,11.72,11.05,11.56,63568930
26-Aug-10,11.40,11.56,11.14,11.17,56953578
25-Aug-10,11.04,11.40,10.95,11.32,78587068
24-Aug-10,11.28,11.49,11.09,11.24,86304094
23-Aug-10,11.84,11.90,11.60,11.61,42449574
20-Aug-10,11.85,11.90,11.60,11.77,50814381
19-Aug-10,12.13,12.20,11.83,11.89,61058938
18-Aug-10,12.17,12.29,11.80,12.20,54218032
17-Aug-10,12.20,12.38,12.06,12.16,61043477
16-Aug-10,11.96,12.15,11.88,11.99,59316046
13-Aug-10,12.25,12.37,12.13,12.15,41635476
12-Aug-10,12.03,12.39,11.90,12.27,68017892
11-Aug-10,12.65,12.67,12.33,12.41,68132071
10-Aug-10,12.94,13.03,12.80,12.92,50265042
9-Aug-10,13.12,13.12,12.92,13.05,39071979
6-Aug-10,12.83,13.05,12.80,13.04,54704554
5-Aug-10,13.05,13.05,12.90,12.98,51574777
4-Aug-10,13.00,13.21,12.95,13.11,60874915
3-Aug-10,13.08,13.24,12.77,12.91,115202546
2-Aug-10,13.06,13.20,12.94,13.16,77124699
30-Jul-10,12.81,13.01,12.58,12.77,79539674
29-Jul-10,13.03,13.11,12.72,12.97,88544652
28-Jul-10,12.99,13.08,12.86,12.91,59746681
27-Jul-10,13.16,13.18,12.85,13.03,97305386
26-Jul-10,12.82,13.15,12.75,12.94,125629576
23-Jul-10,12.55,12.75,12.35,12.72,161608161
22-Jul-10,11.76,12.22,11.75,12.09,102031465
21-Jul-10,11.82,11.88,11.43,11.55,67645077
20-Jul-10,11.30,11.76,11.25,11.75,53134811
19-Jul-10,11.44,11.57,11.23,11.48,49909940
16-Jul-10,11.75,11.78,11.30,11.34,68905417
15-Jul-10,11.86,11.90,11.51,11.86,66020324
14-Jul-10,11.62,11.92,11.54,11.81,68051369
13-Jul-10,11.47,11.81,11.26,11.66,103923173
12-Jul-10,10.84,11.13,10.83,11.10,56354088
9-Jul-10,10.58,10.94,10.54,10.85,50732694
8-Jul-10,10.72,10.83,10.45,10.62,62355431
7-Jul-10,10.21,10.63,10.17,10.59,72565217
6-Jul-10,10.42,10.57,10.04,10.16,81246930
2-Jul-10,10.58,10.63,10.15,10.28,71607036
1-Jul-10,10.23,10.63,10.02,10.57,153382992
30-Jun-10,10.10,10.52,10.04,10.08,182831251
29-Jun-10,10.12,10.14,9.75,9.88,124866691
28-Jun-10,10.72,10.76,10.43,10.43,58047664
25-Jun-10,10.75,10.77,10.42,10.75,148168302
24-Jun-10,10.99,11.03,10.64,10.78,74491022
23-Jun-10,11.23,11.28,11.00,11.03,83134347
22-Jun-10,11.54,11.60,11.18,11.22,73508927
21-Jun-10,11.68,11.80,11.50,11.53,67814207
18-Jun-10,11.56,11.62,11.40,11.46,55417627
17-Jun-10,11.61,11.69,11.33,11.48,69430015
16-Jun-10,11.65,11.77,11.50,11.63,61954013
15-Jun-10,11.55,11.76,11.52,11.70,51790894
14-Jun-10,11.48,11.72,11.40,11.46,58144434
11-Jun-10,11.23,11.47,11.21,11.40,50280574
10-Jun-10,11.21,11.40,11.10,11.39,64799501
9-Jun-10,11.36,11.40,11.00,11.05,74947546
8-Jun-10,11.14,11.37,10.89,11.22,81494388
7-Jun-10,11.45,11.50,11.06,11.09,76228961
4-Jun-10,11.69,11.88,11.39,11.50,83480811
3-Jun-10,12.01,12.15,11.81,11.96,79568677
2-Jun-10,11.66,11.87,11.45,11.85,87265270
1-Jun-10,11.50,11.88,11.38,11.41,80977225
28-May-10,12.05,12.08,11.62,11.73,78823399
27-May-10,11.85,12.00,11.66,11.99,90700767
26-May-10,11.45,11.82,11.35,11.39,146871969
25-May-10,10.47,11.05,10.42,11.02,137858602
24-May-10,11.29,11.44,11.01,11.01,91090354
21-May-10,10.25,11.30,10.17,11.26,174455038
20-May-10,11.04,11.30,10.76,10.80,156449148
19-May-10,11.30,11.66,11.11,11.55,132864329
18-May-10,12.15,12.18,11.45,11.54,101318746
17-May-10,12.08,12.18,11.49,11.95,108686652
14-May-10,12.25,12.35,11.87,12.11,105855905
13-May-10,12.87,12.87,12.32,12.42,100159960
12-May-10,12.57,12.71,12.49,12.68,102656959
11-May-10,11.99,12.56,11.85,12.31,125738941
10-May-10,12.54,12.56,12.02,12.15,134388670
7-May-10,11.95,11.97,10.95,11.51,261066492
6-May-10,12.17,12.51,10.59,11.78,237086247
5-May-10,12.32,12.70,11.59,12.34,198525532
4-May-10,13.07,13.08,12.75,12.85,123207308
3-May-10,13.18,13.49,13.18,13.30,106416777
30-Apr-10,13.64,13.73,12.96,13.02,146322816
29-Apr-10,13.45,13.70,13.38,13.58,110114356
28-Apr-10,13.39,13.45,12.90,13.25,208023452
27-Apr-10,14.44,14.50,13.15,13.57,292667383
26-Apr-10,14.39,14.57,14.28,14.46,123029116
23-Apr-10,14.22,14.39,14.11,14.21,92002193
22-Apr-10,14.00,14.23,13.85,14.20,93331069
21-Apr-10,14.02,14.15,13.92,14.13,120393065
20-Apr-10,13.72,13.94,13.67,13.91,75630699
19-Apr-10,13.38,13.75,13.36,13.60,95855052
16-Apr-10,13.84,13.92,13.30,13.42,149644441
15-Apr-10,13.42,13.88,13.41,13.76,159110456
14-Apr-10,12.92,13.43,12.86,13.35,153602044
13-Apr-10,12.75,12.89,12.71,12.79,71008470
12-Apr-10,12.72,12.81,12.64,12.77,50783053
9-Apr-10,12.73,12.84,12.61,12.72,60408583
8-Apr-10,12.55,12.71,12.34,12.63,77491353
7-Apr-10,12.69,12.82,12.53,12.58,88112383
6-Apr-10,12.78,12.88,12.60,12.70,76423715
5-Apr-10,12.89,12.92,12.76,12.77,88957147
1-Apr-10,12.84,12.95,12.58,12.63,212952064
31-Mar-10,12.82,12.95,12.42,12.57,433659040
30-Mar-10,13.55,13.64,13.18,13.28,142055129
29-Mar-10,13.70,13.88,13.39,13.57,158224973
26-Mar-10,13.89,13.98,13.76,13.86,60400334
25-Mar-10,14.05,14.12,13.76,13.80,88909207
24-Mar-10,13.77,14.05,13.76,13.90,91820854
23-Mar-10,14.17,14.30,13.81,13.90,167002341
22-Mar-10,12.98,14.00,12.81,13.99,170576031
19-Mar-10,13.91,13.92,13.04,13.29,252413612
18-Mar-10,14.23,14.54,13.65,13.73,235094317
17-Mar-10,13.55,14.15,13.55,14.10,137318668
16-Mar-10,13.49,13.51,13.32,13.49,74692616
15-Mar-10,13.46,13.63,13.32,13.40,95198188
12-Mar-10,13.02,13.37,12.98,13.34,104770909
11-Mar-10,12.79,12.97,12.75,12.91,59385985
10-Mar-10,12.88,12.95,12.80,12.82,56850540
9-Mar-10,12.83,13.03,12.73,12.80,83934217
8-Mar-10,12.94,12.96,12.79,12.93,78903174
5-Mar-10,12.92,13.04,12.83,13.00,106920602
4-Mar-10,12.78,12.80,12.52,12.79,89836710
3-Mar-10,12.46,12.83,12.35,12.69,157004555
2-Mar-10,12.62,12.68,12.18,12.22,193706534
1-Mar-10,11.81,12.42,11.75,12.41,142605445
26-Feb-10,11.83,11.85,11.61,11.74,72368345
25-Feb-10,11.53,11.83,11.40,11.78,83114433
24-Feb-10,11.72,11.88,11.65,11.73,84200733
23-Feb-10,11.18,11.63,11.15,11.60,114688393
22-Feb-10,11.36,11.38,11.18,11.21,41993070
19-Feb-10,11.35,11.40,11.26,11.29,46989996
18-Feb-10,11.41,11.48,11.29,11.38,53406735
17-Feb-10,11.43,11.52,11.35,11.49,65983124
16-Feb-10,11.21,11.38,11.11,11.32,62537480
12-Feb-10,10.92,11.18,10.85,11.12,69465400
11-Feb-10,11.00,11.18,10.88,11.18,65116156
10-Feb-10,11.12,11.14,10.90,10.94,73395561
9-Feb-10,11.18,11.22,11.02,11.15,83207091
8-Feb-10,11.09,11.32,10.88,10.97,92031327
5-Feb-10,10.97,11.11,10.49,10.91,181535182
4-Feb-10,11.49,11.53,11.00,11.06,129792142
3-Feb-10,11.49,11.66,11.42,11.64,90125495
2-Feb-10,11.26,11.52,11.19,11.39,119785377
1-Feb-10,11.14,11.18,10.93,11.12,82748130
29-Jan-10,11.60,11.61,10.70,10.84,159741164
28-Jan-10,11.90,11.95,11.27,11.41,203466724
27-Jan-10,11.57,11.62,11.22,11.55,105091531
26-Jan-10,11.17,11.46,11.07,11.19,108250462
25-Jan-10,10.73,11.10,10.61,11.03,121621423
22-Jan-10,11.01,11.12,10.41,10.52,161530010
21-Jan-10,11.53,11.62,11.01,11.18,121451396
20-Jan-10,11.68,11.69,11.50,11.51,71649459
19-Jan-10,11.51,11.83,11.46,11.75,65933944
15-Jan-10,11.74,11.76,11.55,11.60,96174717
14-Jan-10,11.65,11.86,11.51,11.76,116572673
13-Jan-10,11.91,11.93,11.47,11.68,154527028
12-Jan-10,11.98,12.03,11.72,11.87,162995898
11-Jan-10,11.90,12.14,11.78,12.11,170626174
8-Jan-10,11.67,11.74,11.46,11.69,130462912
7-Jan-10,11.46,11.69,11.32,11.66,130201626
6-Jan-10,11.21,11.46,11.13,11.37,200070554
5-Jan-10,10.45,11.24,10.40,10.96,215620138
4-Jan-10,10.17,10.28,10.05,10.28,60855796
31-Dec-09,10.04,10.06,9.92,10.00,31253696
30-Dec-09,10.05,10.08,9.89,9.99,46699554
29-Dec-09,10.27,10.29,10.09,10.11,40821576
28-Dec-09,10.18,10.37,10.15,10.20,53979864
24-Dec-09,10.17,10.20,10.06,10.13,24895639
23-Dec-09,10.01,10.11,9.93,10.08,64814927
22-Dec-09,9.79,9.90,9.71,9.90,50860278
21-Dec-09,9.77,9.80,9.63,9.67,53385672
18-Dec-09,9.56,9.73,9.47,9.68,88033030
17-Dec-09,9.49,9.56,9.33,9.39,55724548
16-Dec-09,9.44,9.64,9.41,9.49,71460489
15-Dec-09,9.04,9.46,9.03,9.39,109417839
14-Dec-09,9.00,9.10,8.97,9.08,37983689
11-Dec-09,9.09,9.10,8.98,9.00,63474681
10-Dec-09,8.94,9.09,8.90,9.05,63643648
9-Dec-09,8.87,9.01,8.80,8.86,52861849
8-Dec-09,8.87,8.89,8.76,8.82,57472929
7-Dec-09,8.90,9.00,8.80,8.91,41476233
4-Dec-09,9.10,9.14,8.78,8.94,79533465
3-Dec-09,9.05,9.11,8.89,8.94,57935316
2-Dec-09,8.94,9.07,8.91,9.01,63656537
1-Dec-09,9.01,9.07,8.81,8.88,104011657
30-Nov-09,8.78,8.92,8.67,8.89,58900088
27-Nov-09,8.50,8.81,8.40,8.73,42185217
