Date,Day,Month,Year,Average,Volume
21-Jun-12,21,6,12,83.17,81626258
21-Jun-13,21,6,13,59.29,120297338
8-May-14,8,5,14,84.18,57574363
21-Jun-11,21,6,11,45.82,123343514
8-May-12,8,5,12,81.0,124312720
8-May-13,8,5,13,65.86,118149038
21-Jul-14,21,7,14,94.41,39079002
28-Feb-14,28,2,14,75.37,93074653
23-Mar-10,23,3,10,32.38,150607177
29-Sep-14,29,9,14,99.46,49766312
28-Feb-11,28,2,11,50.38,100768479
21-Jul-11,21,7,11,55.29,131629036
28-Feb-13,28,2,13,63.38,80628737
22-Apr-14,22,4,14,75.66,50664453
9-Oct-12,9,10,12,90.67,209648887
9-Oct-13,9,10,13,69.19,75431216
9-Oct-14,9,10,14,101.39,77376525
17-Jan-13,17,1,13,72.35,113412579
17-Jan-12,17,1,12,60.64,60724055
26-Apr-13,26,4,13,59.07,191068990
26-Apr-12,26,4,12,87.1,134016274
26-Apr-11,26,4,11,50.3,84400645
17-Jan-14,17,1,14,78.0,108426689
11-Mar-14,11,3,14,76.53,70198849
18-May-10,18,5,10,36.36,195668956
18-May-11,18,5,11,48.33,83693267
11-Mar-10,11,3,10,32.08,101424638
11-Mar-11,11,3,11,49.81,117770016
11-Mar-13,11,3,13,61.85,118558356
22-Oct-10,22,10,10,44.03,93193856
18-Nov-10,18,11,10,43.86,123622443
22-Oct-12,22,10,12,89.02,136682392
22-Oct-13,22,10,13,74.38,133515753
22-Oct-14,22,10,14,103.13,68263146
22-Sep-14,22,9,14,101.39,52788426
13-Apr-12,13,4,12,87.77,214911067
6-Jun-14,6,6,14,92.54,87620911
22-Apr-13,22,4,13,56.6,107479442
30-Jul-12,30,7,12,84.75,94784970
6-Apr-10,6,4,10,34.11,111754188
6-Jun-11,6,6,11,48.89,115484677
6-Jun-12,6,6,12,81.38,100362262
6-Jun-13,6,6,13,63.04,104268458
12-May-14,12,5,14,84.34,53324677
31-May-13,31,5,13,64.6,96075042
10-Feb-11,10,2,11,50.71,232137360
12-May-10,12,5,10,37.26,163594375
12-May-11,12,5,11,49.36,80239593
26-Feb-10,26,2,10,29.08,126865060
31-May-12,31,5,12,82.55,122977603
25-Apr-12,25,4,12,87.49,226427670
3-Nov-14,3,11,14,108.98,52282550
25-Apr-11,25,4,11,50.27,66636290
3-Nov-11,3,11,11,57.17,110381075
27-Dec-13,27,12,13,80.28,56471317
25-Apr-14,25,4,14,81.16,97568814
18-Sep-13,18,9,13,66.25,114215304
18-Sep-12,18,9,12,100.02,93375667
7-May-14,7,5,14,84.74,70715988
7-May-13,7,5,13,65.82,120938076
7-May-12,7,5,12,80.89,115073217
8-Mar-10,8,3,10,31.34,107472239
18-Sep-14,18,9,14,101.91,37299435
23-May-11,23,5,11,47.49,95627217
23-May-12,23,5,12,80.5,146224365
23-May-13,23,5,13,62.86,88345236
23-May-14,23,5,14,87.23,58052491
29-Sep-11,29,9,11,56.46,162841147
2-Oct-12,2,10,12,94.29,156997638
31-Jul-13,31,7,13,64.8,80739351
31-Jul-12,31,7,12,86.73,115581676
9-Mar-10,9,3,10,31.58,230064660
31-Jul-14,31,7,14,96.38,56842647
9-Mar-12,9,3,12,77.86,104724732
31-Dec-09,31,12,9,30.28,88102679
24-Dec-09,24,12,9,29.47,125221985
29-Jun-12,29,6,12,82.87,105360031
21-Feb-13,21,2,13,63.72,111795180
27-Apr-12,27,4,12,86.24,101692500
29-Jun-11,29,6,11,47.8,88179070
21-Feb-14,21,2,14,75.62,69757247
30-Jul-10,30,7,10,36.7,112113960
13-Dec-12,13,12,12,75.87,156314627
13-Dec-13,13,12,13,79.76,83205283
13-Dec-10,13,12,10,46.15,109953333
9-Jul-14,9,7,14,95.39,36436440
9-Jul-13,9,7,13,59.64,88172238
9-Jul-12,9,7,12,87.04,94850224
29-Dec-09,29,12,9,30.12,111301071
9-Jul-10,9,7,10,36.84,108393537
27-Oct-10,27,10,10,43.97,99750070
2-Aug-10,2,8,10,37.3,107021026
25-Mar-10,25,3,10,32.67,135816674
7-Dec-12,7,12,12,77.56,196941794
13-Jun-13,13,6,13,61.94,71528086
13-Jun-12,13,6,12,81.98,73443230
29-Apr-14,29,4,14,84.7,84344673
13-Nov-12,13,11,12,77.45,133302610
20-Apr-11,20,4,11,49.04,175163842
13-Nov-14,13,11,14,112.42,59522855
29-Apr-10,29,4,10,37.99,139709745
13-Jun-14,13,6,14,91.7,54525280
11-Dec-09,11,12,9,27.99,107443378
6-Oct-10,6,10,10,41.29,167716514
7-Oct-14,7,10,14,99.26,42094183
20-Nov-14,20,11,14,115.73,43395537
20-Nov-13,20,11,13,73.89,48545798
20-Nov-12,20,11,12,80.69,160687856
7-Oct-13,7,10,13,69.73,78073107
29-Nov-10,29,11,10,45.04,111439895
29-Nov-11,29,11,11,53.5,94007858
1-Jun-10,1,6,10,37.34,219118382
29-Aug-11,29,8,11,55.63,101313149
30-Apr-12,30,4,12,84.4,126535038
27-Sep-11,27,9,11,57.69,158124372
27-Sep-10,27,9,10,41.82,120774913
27-Sep-13,27,9,13,69.0,57009729
25-Jul-13,25,7,13,62.73,57420636
10-Jul-14,10,7,14,94.47,39685552
12-Sep-11,12,9,11,53.78,116957988
1-Feb-11,1,2,11,49.03,106657943
2-Dec-11,2,12,11,55.77,94818290
1-Feb-13,1,2,13,65.02,134867089
1-Feb-12,1,2,12,65.33,67510562
30-Oct-13,30,10,13,74.61,88540697
22-May-13,22,5,13,63.28,110814858
30-Oct-14,30,10,14,106.8,40654793
2-Jun-10,2,6,10,37.63,172136524
2-Jun-11,2,6,11,49.46,84721112
23-Jul-12,23,7,12,85.42,121993795
2-Jun-14,2,6,14,90.0,92337903
22-Apr-10,22,4,10,37.42,198355815
12-Aug-14,12,8,14,96.13,33795352
11-Aug-10,11,8,10,36.11,155013068
12-Aug-13,12,8,13,66.05,91108290
12-Aug-10,12,8,10,35.63,133729834
7-Dec-11,7,12,11,55.59,76249929
16-Jul-12,16,7,12,86.74,75326342
16-Jul-13,16,7,13,61.13,54134367
6-Aug-14,6,8,14,94.97,38558342
16-Nov-12,16,11,12,74.59,316722763
6-Aug-13,6,8,13,66.69,83728540
16-Jul-14,16,7,14,95.9,53502415
16-Nov-11,16,11,11,55.34,87302012
24-Mar-14,24,3,14,76.9,88924871
11-Sep-12,11,9,12,94.73,125984852
11-Sep-13,11,9,13,66.9,223526688
11-Sep-14,11,9,14,100.72,62399743
23-Apr-12,23,4,12,81.27,241629479
13-Feb-13,13,2,13,66.82,118801221
21-May-12,21,5,12,78.26,157772790
7-Dec-10,7,12,10,45.86,97863465
23-Apr-13,23,4,13,57.76,166058949
13-Feb-14,13,2,14,77.08,76960156
5-Jun-14,5,6,14,92.34,75951141
21-Jan-14,21,1,14,77.88,82255544
22-Dec-09,22,12,9,28.54,87378543
4-Jun-10,4,6,10,36.81,189610442
5-Jun-13,5,6,13,63.76,72647337
5-Jun-12,5,6,12,80.31,97053376
27-May-14,27,5,14,88.68,87216605
10-Mar-14,10,3,14,75.75,44691430
27-May-10,27,5,10,35.96,166575339
27-May-11,27,5,11,48.0,50912897
10-Mar-11,10,3,11,49.66,126972055
10-Mar-10,10,3,10,32.05,149054143
4-Nov-14,4,11,14,108.79,41574365
16-Dec-11,16,12,11,54.47,105394401
22-Sep-11,22,9,11,57.48,242120137
4-Nov-10,4,11,10,45.32,160621979
14-Aug-12,14,8,12,90.44,85041824
23-Jul-10,23,7,10,36.92,133346661
4-Nov-13,4,11,13,74.77,61157033
6-Sep-12,6,9,12,96.38,97845664
30-Mar-11,30,3,11,49.91,82351269
30-Mar-10,30,3,10,33.72,131827325
27-Jun-12,27,6,12,82.07,50764770
5-Sep-14,5,9,14,98.87,58457035
11-Jan-11,11,1,11,48.97,111019993
11-Jan-10,11,1,10,30.16,115557365
11-Jan-13,11,1,13,74.49,87688741
5-Sep-13,5,9,13,71.06,59091879
4-Sep-13,4,9,13,71.31,86257878
4-Sep-12,4,9,12,95.73,91972629
6-Mar-13,6,3,13,61.42,115062269
6-Mar-12,6,3,12,75.14,202559651
6-Mar-14,6,3,14,75.93,46423111
6-Dec-10,6,12,10,45.7,112120127
4-Sep-14,4,9,14,98.71,85718221
29-Oct-14,29,10,14,106.93,52687879
22-Jan-10,22,1,10,28.9,220441872
29-Oct-10,29,10,10,43.29,107627128
29-Oct-13,29,10,13,75.24,158952115
26-Dec-12,26,12,12,73.66,75609030
26-Dec-13,26,12,13,80.89,51002035
22-Nov-11,22,11,11,53.44,102324341
11-Jun-10,11,6,10,35.82,136439884
11-Jun-13,11,6,13,62.48,71426348
11-Jun-12,11,6,12,82.79,147815696
10-Dec-09,10,12,9,28.28,122417155
11-Jun-14,11,6,14,94.06,45681114
6-Apr-11,6,4,11,48.58,100634681
14-Jun-12,14,6,12,81.56,86460283
14-Jun-13,14,6,13,61.8,65672880
26-Nov-13,26,11,13,75.63,100345728
26-Nov-12,26,11,12,83.18,157644431
5-Oct-12,5,10,12,94.11,148501108
26-Nov-14,26,11,14,118.47,40831886
20-Oct-10,20,10,10,44.31,180406030
20-Oct-11,20,10,11,56.78,137382294
14-Jul-14,14,7,14,96.21,42810155
21-Nov-11,21,11,11,52.75,112050589
21-Nov-12,21,11,12,80.35,93306759
21-Nov-13,21,11,13,74.06,65506861
21-Nov-14,21,11,14,116.89,57179298
9-Dec-11,9,12,11,56.13,74285785
9-Dec-13,9,12,13,80.64,80123533
16-Mar-11,16,3,11,47.9,289187626
7-Sep-12,7,9,12,97.03,82416145
21-May-10,21,5,10,33.96,305976755
7-Sep-10,7,9,10,36.8,85706313
7-Sep-11,7,9,11,54.9,87643794
11-Feb-11,11,2,11,50.82,91892948
11-Feb-10,11,2,10,28.12,137585903
11-Feb-13,11,2,13,68.38,129358516
8-Oct-10,8,10,10,41.8,164600814
2-Jul-10,2,7,10,35.41,173624381
11-Feb-14,11,2,14,76.21,70672252
13-Apr-11,13,4,11,47.85,86608963
23-Apr-10,23,4,10,38.5,199238354
24-Aug-12,24,8,12,94.56,109334113
24-Aug-11,24,8,11,53.54,156566907
16-Mar-12,16,3,12,83.48,206371879
20-Sep-10,20,9,10,39.96,164822833
20-Sep-11,20,9,11,59.38,193937289
20-Sep-12,20,9,12,99.7,84141932
20-Sep-13,20,9,13,67.5,174825322
5-Nov-14,5,11,14,108.84,37435905
5-Nov-13,5,11,13,75.07,66368071
5-Nov-12,5,11,12,83.34,132321224
25-Jun-10,25,6,10,38.31,137485271
31-Jan-12,31,1,12,65.12,97977985
25-Jul-11,25,7,11,56.37,147451094
25-Jul-12,25,7,12,82.15,219314368
13-Jan-14,13,1,14,76.36,94860843
25-Jul-14,25,7,14,97.25,43469117
13-Jan-12,13,1,12,59.95,56539749
13-Jan-11,13,1,11,49.33,74536182
13-Jan-10,13,1,10,29.77,151472335
27-Apr-10,27,4,10,37.77,177335424
7-Jul-10,7,7,10,36.34,163639812
10-Apr-12,10,4,12,90.66,222422452
10-Apr-13,10,4,13,61.68,93981748
16-Dec-13,16,12,13,79.67,70648452
5-Jul-11,5,7,11,49.46,88818618
10-Apr-14,10,4,14,75.34,59912818
25-Apr-13,25,4,13,58.59,96209155
28-Feb-12,28,2,12,75.88,150096478
17-Jun-13,17,6,13,61.77,64860453
28-Dec-10,28,12,10,46.54,43980797
6-Feb-13,6,2,13,65.46,148426012
10-Jul-12,10,7,12,87.55,127989407
11-May-10,11,5,10,36.39,212587809
11-May-12,11,5,12,81.09,99886332
6-Feb-14,6,2,14,73.0,64497223
16-May-11,16,5,11,48.08,112535374
28-Jan-13,28,1,13,63.45,196378931
16-May-13,16,5,13,61.23,150866478
16-May-14,16,5,14,84.61,69091834
28-Jan-14,28,1,14,72.58,266833581
6-Feb-12,6,2,12,65.91,62420596
21-May-13,21,5,13,62.77,114074240
1-Jun-12,1,6,12,80.83,130245094
29-Dec-11,29,12,11,57.67,54039041
8-Jun-10,8,6,10,35.79,250192019
3-Nov-10,3,11,10,44.49,127086848
4-May-12,4,5,12,81.64,132497421
8-Jun-11,8,6,11,47.48,83471577
1-Dec-10,1,12,10,45.16,115437672
1-Dec-11,1,12,11,55.01,96794838
14-Jul-10,14,7,10,35.96,203042784
9-Nov-12,9,11,12,77.72,232476496
26-Feb-13,26,2,13,63.64,125374074
11-Oct-13,11,10,13,69.96,66934938
10-May-12,10,5,12,81.76,83317752
23-Jan-13,23,1,13,72.95,215375853
23-Jan-14,23,1,14,78.83,100978346
9-Nov-11,9,11,11,56.69,139670930
14-Feb-14,14,2,14,77.63,68468036
26-Feb-14,26,2,14,74.34,69131286
10-Nov-14,10,11,14,108.96,27195547
5-May-10,5,5,10,36.28,220775786
4-May-11,4,5,11,49.88,97312229
10-Nov-10,10,11,10,45.25,96056373
10-Nov-11,10,11,11,55.77,186245269
10-Jan-11,10,1,11,48.63,112139482
30-Jan-14,30,1,14,71.63,169762789
10-Dec-13,10,12,13,80.65,69567610
10-Dec-12,10,12,12,75.53,157620575
30-Jan-12,30,1,12,64.22,94832073
30-Jan-13,30,1,13,65.39,104288317
6-Aug-10,6,8,10,37.11,111253310
12-Oct-10,12,10,10,42.36,139634663
18-Dec-13,18,12,13,78.16,141465807
18-Dec-12,18,12,12,75.5,156417023
3-Mar-14,3,3,14,75.16,59784494
8-Sep-14,8,9,14,98.76,46356742
8-Sep-11,8,9,11,54.91,104039460
3-Mar-11,3,3,11,51.16,125196764
18-Oct-11,18,10,11,60.17,220400096
15-Dec-11,15,12,11,54.44,64112125
6-Jan-10,6,1,10,30.41,138039594
6-Jan-11,6,1,11,47.74,75106626
6-Jan-12,6,1,12,60.15,79596412
7-May-10,7,5,10,33.98,419004292
6-Jan-14,6,1,14,77.21,103359151
4-Oct-13,4,10,13,68.93,64717380
6-Jul-10,6,7,10,35.66,153808676
5-Feb-14,5,2,14,72.88,82322156
4-Oct-12,4,10,12,95.64,92688813
5-Feb-10,5,2,10,27.68,212576350
26-Mar-13,26,3,13,66.18,73573423
8-Aug-11,8,8,11,51.28,285951204
26-Apr-10,26,4,10,38.64,119767011
8-Aug-12,8,8,12,88.58,61176080
4-Aug-14,4,8,14,95.93,39958144
11-Oct-12,11,10,12,91.07,136520097
12-Sep-13,12,9,13,67.23,101012471
12-Sep-12,12,9,12,95.09,178054492
4-Aug-10,4,8,10,37.52,105139076
12-Sep-14,12,9,14,101.53,64096903
17-Feb-11,17,2,11,51.16,132643504
14-Feb-13,14,2,13,66.67,88876501
13-Aug-10,13,8,10,35.77,88716635
13-Aug-13,13,8,13,68.69,220484936
13-Aug-12,13,8,12,89.53,69707463
18-Jun-12,18,6,12,82.68,110102790
13-Aug-14,13,8,14,96.67,31916439
18-Jun-10,18,6,10,39.03,196154945
21-Dec-09,21,12,9,28.21,153093108
21-Mar-13,21,3,13,64.68,95813410
10-Jan-13,10,1,13,74.87,150285296
21-Mar-11,21,3,11,48.22,102347560
14-Feb-12,14,2,12,72.34,115483011
27-Sep-12,27,9,12,96.0,148522031
10-Jan-14,10,1,14,76.59,76320664
21-Mar-14,21,3,14,75.89,93612169
12-Feb-10,12,2,10,28.42,163866906
28-May-10,28,5,10,36.75,203903217
28-May-13,28,5,13,63.69,96536188
12-Feb-13,12,2,13,67.77,152262712
12-Feb-14,12,2,14,76.63,77127064
28-May-14,28,5,14,89.42,78921885
22-Jun-12,22,6,12,82.81,71186311
7-Jan-10,7,1,10,30.12,119282324
3-Jul-12,3,7,12,85.3,60428165
13-Oct-14,13,10,14,100.68,53583368
7-Jul-14,7,7,14,95.05,56467939
24-Feb-12,24,2,12,74.41,103819905
7-Jul-11,7,7,11,50.85,99915319
24-Feb-14,24,2,14,75.11,72364950
30-Nov-12,30,11,12,83.69,97824986
20-Dec-11,20,12,11,55.97,84350728
20-Dec-12,20,12,12,75.03,120421798
20-Dec-13,20,12,13,78.24,109103435
30-Jun-14,30,6,14,92.71,49589028
26-May-11,26,5,11,47.94,55673751
9-Mar-11,9,3,11,50.45,113349033
17-Dec-09,17,12,9,27.58,97209056
28-Dec-09,28,12,9,30.25,161141050
4-Jan-13,4,1,13,76.02,148581860
8-Jan-10,8,1,10,30.12,111969081
23-Dec-11,23,12,11,57.36,67401964
23-Dec-10,23,12,10,46.32,55875176
23-Dec-13,23,12,13,81.13,125326831
31-Aug-12,31,8,12,94.94,84579607
1-Sep-11,1,9,11,54.82,85930705
26-Mar-12,26,3,12,86.04,148934219
21-Oct-14,21,10,14,102.44,94623904
26-Mar-10,26,3,10,32.87,160218135
21-Oct-11,21,10,11,56.46,155310512
21-Oct-10,21,10,10,44.41,137864321
26-Mar-14,26,3,14,77.65,74942224
24-May-12,24,5,12,81.39,124049506
3-Oct-11,3,10,11,53.95,167269011
3-Oct-12,3,10,12,95.39,106069719
15-Jul-14,15,7,14,96.0,45696176
3-Oct-14,3,10,14,99.58,43469585
15-Jul-11,15,7,11,51.8,121116338
15-Jul-10,15,7,10,35.85,206215849
2-Mar-12,2,3,12,77.81,107927589
14-Feb-11,14,2,11,51.15,77603491
21-Apr-10,21,4,10,36.93,245597800
21-Jun-10,21,6,10,39.13,194122453
21-Jul-10,21,7,10,37.09,296417422
24-May-10,24,5,10,35.4,188561359
24-Jul-13,24,7,13,62.83,148013824
24-Oct-13,24,10,13,75.42,96191095
17-Oct-12,17,10,12,92.51,97327643
17-Oct-13,17,10,13,71.75,63398335
19-Sep-14,19,9,14,101.62,70902406
17-Sep-14,17,9,14,101.31,60926498
24-Jul-14,24,7,14,96.95,45728843
25-Nov-14,25,11,14,118.47,68840440
21-Feb-12,21,2,12,72.88,151396399
26-Sep-14,26,9,14,99.61,62370501
26-Sep-12,26,9,12,95.28,144175906
26-Sep-13,26,9,13,69.45,59305183
25-Nov-13,25,11,13,74.7,57348403
31-Mar-11,31,3,11,49.67,68592006
29-Jun-10,29,6,10,37.11,283336130
29-Mar-10,29,3,10,33.25,135185785
15-Oct-14,15,10,14,97.46,100933600
15-May-12,15,5,12,79.63,119076678
15-Oct-12,15,10,12,90.22,108124961
15-Oct-13,15,10,13,71.2,80018603
15-Oct-10,15,10,10,44.36,230548444
1-Jun-11,1,6,11,49.69,138670602
28-Dec-11,28,12,11,57.83,57214227
28-Dec-12,28,12,12,72.95,88569243
14-Nov-13,14,11,13,75.08,70605087
14-Nov-14,14,11,14,113.64,44063595
19-Dec-11,19,12,11,54.64,58881914
24-Jun-10,24,6,10,38.62,178782814
16-Mar-10,16,3,10,32.01,111726636
29-Mar-12,29,3,12,87.37,152059432
7-Feb-13,7,2,13,66.27,176145074
10-May-13,10,5,13,65.04,83712482
7-Feb-11,7,2,11,50.02,121254910
10-May-11,10,5,11,49.81,70521969
22-Mar-12,22,3,12,85.62,156032898
22-Mar-13,22,3,13,65.42,98776111
25-Oct-10,25,10,10,44.21,98107996
7-Feb-14,7,2,14,74.33,93638601
15-Sep-14,15,9,14,102.23,61316516
10-Sep-12,10,9,12,96.02,121998898
9-Apr-13,9,4,13,60.88,76688115
2-Apr-13,2,4,13,61.5,132443234
6-Jul-12,6,7,12,86.53,104757156
9-Apr-14,9,4,14,75.19,51542722
21-Sep-11,21,9,11,59.48,151493755
10-Sep-14,10,9,14,99.47,100869587
27-Nov-09,27,11,9,28.61,73814244
28-Aug-14,28,8,14,102.18,68459801
28-Aug-13,28,8,13,69.95,76901678
28-Aug-12,28,8,12,96.31,66844323
22-Nov-13,22,11,13,74.29,55931232
27-Dec-12,27,12,12,73.19,113779680
21-Apr-14,21,4,14,75.45,45668931
25-Mar-14,25,3,14,77.56,70573356
25-Mar-13,25,3,13,66.43,125283438
25-Mar-11,25,3,11,49.95,112292796
21-Apr-11,21,4,11,50.33,188449618
30-Jun-10,30,6,10,36.29,184867060
8-Dec-09,8,12,9,27.15,172599280
11-Nov-10,11,11,10,45.16,90320433
11-Dec-12,11,12,12,77.43,148085903
11-Dec-13,11,12,13,80.68,89929693
29-Sep-10,29,9,10,41.08,117410608
27-Feb-12,27,2,12,74.71,136895304
27-Feb-13,27,2,13,63.79,146836928
27-Feb-14,27,2,14,74.63,75557321
16-Aug-10,16,8,10,35.42,79606849
24-Jan-14,24,1,14,78.58,108384437
24-Jan-11,24,1,11,47.45,143670548
3-Mar-10,3,3,10,29.86,93059694
24-Jan-13,24,1,13,65.23,365212953
24-Jan-12,24,1,12,60.36,136909311
8-Sep-10,8,9,10,37.36,131637114
10-Sep-10,10,9,10,37.59,96940319
29-Apr-11,29,4,11,49.91,251585929
21-Jan-10,21,1,10,30.02,152038565
2-Jan-13,2,1,13,78.56,140124866
16-Aug-11,16,8,11,54.34,124722122
2-Aug-12,2,8,12,86.48,83062203
2-Aug-13,2,8,13,65.72,68695326
10-Jun-14,10,6,14,94.4,62777042
2-Aug-11,2,8,11,55.75,250968788
10-Jun-13,10,6,13,63.2,112589043
10-Jun-10,10,6,10,35.3,194088937
10-Jun-11,10,6,11,46.91,108529400
23-Mar-11,23,3,11,48.38,93248498
20-May-13,20,5,13,62.53,112893984
23-Mar-12,23,3,12,85.45,107621815
4-Jun-14,4,6,14,91.65,83870521
3-Jul-13,3,7,13,60.08,60232158
3-Jun-14,3,6,14,90.47,73231620
3-Jun-13,3,6,13,64.05,93087841
3-Jul-14,3,7,14,93.75,22891753
3-Jun-11,3,6,11,49.07,78360765
3-Jun-10,3,6,10,37.65,162539314
1-Jul-13,1,7,13,58.05,97793045
13-Nov-13,13,11,13,74.21,49304927
17-Sep-12,17,9,12,99.77,99507499
7-Oct-10,7,10,10,41.32,102099277
13-Jul-10,13,7,10,36.1,297738658
2-Apr-12,2,4,12,87.13,149586458
25-Feb-14,25,2,14,75.07,58247350
28-Jul-14,28,7,14,98.41,55317689
2-Apr-14,2,4,14,77.45,45104871
25-Feb-13,25,2,13,64.09,93144464
28-Jul-11,28,7,11,56.02,148506092
29-Apr-13,29,4,13,60.86,160081110
19-Feb-10,19,2,10,28.85,103933466
19-Feb-13,19,2,13,65.63,108944213
7-Apr-14,7,4,14,75.15,72462530
7-Dec-09,7,12,9,27.31,178689658
19-Feb-14,19,2,14,77.26,78554420
24-Mar-11,24,3,11,48.99,101177720
17-Oct-11,17,10,11,60.16,171510696
8-Jul-10,8,7,10,37.09,184537661
8-Jul-11,8,7,11,50.9,122481639
1-Jul-14,1,7,14,93.56,38223477
8-Jul-14,8,7,14,95.58,65221678
1-Jul-11,1,7,11,48.46,108828209
1-Jul-10,1,7,10,35.75,255738140
26-Jan-12,26,1,12,63.75,81057711
26-Jan-11,26,1,11,49.07,126716779
26-Jan-10,26,1,10,29.58,466777486
12-Nov-12,12,11,12,78.22,128950479
12-Nov-13,12,11,13,74.24,51114651
12-Nov-10,12,11,10,44.43,198961462
2-Dec-09,2,12,9,28.29,178814706
12-Nov-14,12,11,14,110.36,46942431
22-Dec-11,22,12,11,56.82,50589112
5-Jan-11,5,1,11,47.41,63879193
23-Dec-09,23,12,9,28.8,86380987
7-Jun-11,7,6,11,47.87,132493060
9-Sep-10,9,9,10,37.77,109643597
2-Sep-11,2,9,11,53.52,109791514
2-Sep-10,2,9,10,35.86,103856298
2-Sep-14,2,9,14,103.2,53564262
17-Aug-11,17,8,11,54.48,110514943
30-Dec-11,30,12,11,57.8,44943710
30-Dec-10,30,12,10,46.35,39414991
30-Dec-13,30,12,13,79.44,63407722
23-Sep-10,23,9,10,41.21,196528871
25-Sep-13,25,9,13,69.35,79239167
25-Sep-12,25,9,12,97.41,129690449
19-Jun-13,19,6,13,61.04,77757785
19-Jun-12,19,6,12,83.71,90350932
19-Jun-14,19,6,14,91.95,35527686
31-Mar-14,31,3,14,76.88,42167188
25-Sep-14,25,9,14,99.2,100091990
13-May-14,13,5,14,84.68,39934594
13-May-13,13,5,13,64.84,79277310
13-May-11,13,5,11,49.02,81547956
13-May-10,13,5,10,37.25,149927526
8-Mar-13,8,3,13,61.63,97898983
8-Mar-12,8,3,12,76.85,129110723
8-Mar-11,8,3,11,50.72,89078955
23-Oct-14,23,10,14,104.4,71074674
23-Oct-13,23,10,13,74.59,78431122
23-Oct-12,23,10,12,88.93,176786197
19-Mar-14,19,3,14,76.03,56188958
24-Nov-10,24,11,10,44.78,103568136
7-Apr-11,7,4,11,48.31,93361520
19-Mar-12,19,3,12,85.37,225308790
19-Mar-13,19,3,13,65.12,131693310
25-Oct-11,25,10,11,57.38,107650200
12-Mar-13,12,3,13,61.8,116477473
24-Dec-12,24,12,12,74.41,43936977
24-Dec-13,24,12,13,81.27,41888735
13-Mar-12,13,3,12,80.34,172712659
13-Mar-13,13,3,13,61.31,101454192
6-Dec-11,6,12,11,55.98,70951013
5-Apr-12,5,4,12,89.96,160318858
13-Mar-14,13,3,14,76.32,64435609
30-Aug-11,30,8,11,55.58,104480264
26-Oct-10,26,10,10,43.94,98232337
21-Sep-10,21,9,10,40.64,167418881
7-Apr-10,7,4,10,34.32,157125031
20-Jun-14,20,6,14,91.55,100898066
22-Aug-11,22,8,11,51.46,133826210
22-Aug-13,22,8,13,71.85,61051676
22-Aug-12,22,8,12,94.3,141330637
11-Jul-13,11,7,13,60.7,81618964
8-Jul-13,8,7,13,59.53,74578420
11-Jul-11,11,7,11,50.82,110713974
4-Mar-14,4,3,14,75.81,64884834
4-Mar-13,4,3,13,60.54,145684399
4-Mar-11,4,3,11,51.36,113316483
11-Jul-14,11,7,14,95.33,34018228
25-Jun-14,25,6,14,90.23,36868541
22-Feb-13,22,2,13,64.22,82663644
25-Jun-13,25,6,13,57.68,78584786
22-Feb-11,22,2,11,48.71,218135561
22-Feb-10,22,2,10,28.73,97706168
2-Jul-12,2,7,12,84.08,100022776
2-Jul-13,2,7,13,59.27,117521579
26-Aug-13,26,8,13,71.95,82741050
26-Aug-14,26,8,14,101.17,33151984
2-Jul-14,2,7,14,93.62,28465073
17-Feb-12,17,2,12,71.9,133947191
9-Sep-14,9,9,14,99.07,189846255
26-Aug-10,26,8,10,34.71,116625803
17-Feb-10,17,2,10,29.0,109098710
23-Jun-11,23,6,11,46.43,139939254
26-Oct-12,26,10,12,86.37,254605834
7-Nov-11,7,11,11,56.99,67565799
12-Jan-11,12,1,11,49.07,75644310
12-Jan-12,12,1,12,60.19,53180911
25-Aug-11,25,8,11,52.83,217825076
18-Jun-14,18,6,14,92.02,33514108
15-Apr-10,15,4,10,35.33,94195920
12-Jun-13,12,6,13,62.3,66356668
15-Feb-11,15,2,11,51.3,71043441
1-Mar-11,1,3,11,50.29,114032163
15-Feb-13,15,2,13,66.4,97981177
1-Mar-13,1,3,13,62.02,138111792
19-Aug-13,19,8,13,72.49,127629481
9-Jan-14,9,1,14,77.34,69905199
19-Aug-11,19,8,11,51.47,193970546
16-Jan-13,16,1,13,71.53,172700045
16-Jan-14,16,1,14,79.2,57471330
9-Jan-13,9,1,13,74.3,101899959
19-Aug-14,19,8,14,99.98,69399270
16-Dec-10,16,12,10,45.9,80507098
17-Nov-14,17,11,14,114.71,46746712
17-Nov-11,17,11,11,54.34,120030148
17-Nov-10,17,11,10,42.98,119862407
10-Dec-10,10,12,10,45.7,65644243
20-Jan-10,20,1,10,30.42,153037892
22-Jul-14,22,7,14,94.6,55196597
18-May-12,18,5,12,76.07,183072463
22-Jul-11,22,7,11,55.87,129181885
22-Jul-10,22,7,10,36.86,161329322
22-Jul-13,22,7,13,61.1,51997596
11-Oct-10,11,10,10,42.21,106937733
10-Jan-12,10,1,12,60.59,64581762
20-Jan-12,20,1,12,60.53,103492249
24-Feb-10,24,2,10,28.51,115141376
30-Apr-10,30,4,10,37.93,135615676
21-Mar-12,21,3,12,86.3,161010374
1-Nov-13,1,11,13,74.45,68722304
1-Nov-12,1,11,12,85.42,90361922
1-Nov-11,1,11,11,56.66,132946877
1-Nov-10,1,11,10,43.36,105972251
14-Jun-10,14,6,10,36.55,150740100
19-Apr-11,19,4,11,47.88,104844243
19-Apr-10,19,4,10,35.13,141730491
19-Apr-13,19,4,13,55.83,152318201
19-Apr-12,19,4,12,84.89,208678365
30-Sep-10,30,9,10,40.86,168347452
5-May-11,5,5,11,49.72,84065352
11-Oct-11,11,10,11,56.7,151420465
23-Apr-14,23,4,14,75.33,98735259
16-Sep-14,16,9,14,100.2,66908133
9-Feb-12,9,2,12,69.69,221053602
16-Sep-11,16,9,11,56.84,174622161
16-Sep-10,16,9,10,39.03,163025387
16-Sep-13,16,9,13,65.0,137137665
22-May-14,22,5,14,86.71,50218945
14-Jun-11,14,6,11,47.32,83641901
3-Dec-12,3,12,12,84.28,91069097
3-Dec-13,3,12,13,80.31,112741734
3-Dec-10,3,12,10,45.34,85592283
31-May-11,31,5,11,49.2,104434134
21-Sep-12,21,9,12,100.25,142897076
10-Jul-13,10,7,13,60.12,70350819
28-Mar-11,28,3,11,50.3,77337407
30-Sep-11,30,9,11,54.95,137059223
13-Sep-12,13,9,12,97.17,149589629
30-Sep-13,30,9,13,68.22,65039408
31-Jan-14,31,1,14,71.1,116336444
31-Jan-13,31,1,13,65.24,79833215
30-Sep-14,30,9,14,100.91,55264139
31-Jan-11,31,1,11,48.2,94311602
16-Oct-12,16,10,12,91.66,137442816
2-Jan-14,2,1,14,79.21,58791957
14-Mar-12,14,3,12,83.49,354709747
14-Mar-11,14,3,11,50.52,109113690
18-Jan-12,18,1,12,61.14,69197758
13-Jun-11,13,6,11,46.69,82414108
14-Mar-14,14,3,14,75.26,59299492
12-Oct-12,12,10,12,90.0,115003665
20-Mar-12,20,3,12,85.51,204167033
20-Mar-13,20,3,13,64.88,77165158
20-Mar-14,20,3,14,75.67,52099537
31-Mar-10,31,3,10,33.63,107664557
7-Jun-13,7,6,13,62.66,101185686
7-Jun-12,7,6,12,82.03,94993164
8-Apr-14,8,4,14,74.77,60971883
8-Aug-13,8,8,13,65.96,63999838
8-Aug-14,8,8,14,94.28,41865193
8-Apr-13,8,4,13,60.75,75264742
13-Jul-11,13,7,11,51.17,97909518
8-Apr-11,8,4,11,48.18,94383317
25-May-12,25,5,12,80.4,82116552
25-May-10,25,5,10,34.59,262003357
25-May-11,25,5,11,47.91,73555433
1-Feb-10,1,2,10,27.66,187468421
16-Jun-11,16,6,11,46.39,127647338
1-Sep-10,1,9,10,35.55,174258805
18-Jan-13,18,1,13,71.33,118287267
24-Jul-12,24,7,12,86.3,141283044
14-Dec-09,14,12,9,27.94,123947124
8-Jan-14,8,1,14,77.38,64686685
8-Jan-13,8,1,13,75.27,114676751
19-Dec-12,19,12,12,75.61,112340424
19-Dec-13,19,12,13,78.1,80239369
5-Dec-11,5,12,11,56.19,89342127
5-Dec-12,5,12,12,79.13,261159353
5-Dec-13,5,12,13,81.5,111895315
2-Mar-11,2,3,11,50.17,150647189
2-Mar-10,2,3,10,29.91,141636152
30-May-12,30,5,12,81.96,132355209
17-Dec-12,17,12,12,73.18,189736022
17-Dec-13,17,12,13,79.41,57475649
17-Dec-10,17,12,10,45.87,96787068
3-May-10,3,5,10,37.89,113585031
20-Jul-11,20,7,11,55.9,235331712
19-Jan-10,19,1,10,30.21,182501620
14-Oct-14,14,10,14,99.56,63688562
7-Jun-10,7,6,10,36.39,221745538
14-Oct-11,14,10,11,59.86,143341730
14-Oct-10,14,10,10,43.1,108823925
14-Oct-13,14,10,13,70.46,65474542
9-Aug-12,9,8,12,88.5,55452586
21-Aug-14,21,8,14,100.55,33478198
12-Mar-14,12,3,14,76.45,50195460
6-Dec-13,6,12,13,80.43,86088352
6-Dec-12,6,12,12,76.72,294301791
5-Apr-11,5,4,11,48.36,120740809
5-Apr-10,5,4,10,33.81,171126319
5-Apr-13,5,4,13,60.44,95923478
21-Aug-13,21,8,13,71.94,83969305
1-Oct-12,1,10,12,95.14,135895921
1-Oct-13,1,10,13,69.07,88470655
1-Oct-10,1,10,10,40.59,112101444
9-Aug-10,9,8,10,37.32,75781356
19-Jan-11,19,1,11,49.02,283902199
18-Jan-11,18,1,11,47.89,470246700
1-Oct-14,1,10,14,99.79,51491286
19-Jan-12,19,1,12,61.28,65434453
4-Dec-09,4,12,9,27.97,206776668
3-Apr-12,3,4,12,89.69,208638360
20-Jan-11,20,1,11,47.77,191197293
13-Oct-10,13,10,10,42.94,157522589
30-Apr-13,30,4,13,62.68,172884362
13-Oct-11,13,10,11,58.02,106545775
16-Jul-10,16,7,10,35.95,259964376
16-Oct-14,16,10,14,96.23,72154523
16-Oct-13,16,10,13,71.56,62775013
13-Sep-13,13,9,13,66.81,74708438
13-Sep-10,13,9,10,38.1,97194965
13-Sep-11,13,9,11,54.76,110184487
12-Jul-11,12,7,11,50.48,112901691
20-Dec-10,20,12,10,45.9,96402194
13-Dec-11,13,12,11,55.87,84784203
17-Sep-10,17,9,10,39.45,158618691
30-Jun-11,30,6,11,47.83,80807391
3-Aug-11,3,8,11,55.59,183125796
5-Feb-13,5,2,13,64.42,143336536
2-Feb-12,2,2,12,65.08,46698547
3-Aug-12,3,8,12,87.82,86228604
28-Mar-12,28,3,12,88.13,163864869
26-Jul-11,26,7,11,57.42,119145026
26-Jul-10,26,7,10,37.04,105137452
26-Jul-13,26,7,13,62.56,50068753
28-Mar-13,28,3,13,63.78,110745586
28-Mar-14,28,3,14,76.72,50141063
17-Mar-14,17,3,14,75.37,49886074
15-Dec-09,15,12,9,27.89,104928453
17-Mar-10,17,3,10,32.1,112738997
17-Mar-11,17,3,11,47.92,164854977
8-Feb-12,8,2,12,67.63,101969280
8-Feb-13,8,2,13,67.71,158288984
25-Feb-10,25,2,10,28.54,166349071
1-Aug-14,1,8,14,95.62,48511286
1-Aug-13,1,8,13,65.09,51562322
1-Aug-12,1,8,12,87.22,96124742
1-Aug-11,1,8,11,56.66,153207957
19-Mar-10,19,3,10,31.91,139861148
6-May-11,6,5,11,49.74,70061285
13-Apr-10,13,4,10,34.58,76552525
26-Jul-12,26,7,12,82.33,101702580
12-Dec-11,12,12,11,55.96,75266366
12-Dec-13,12,12,13,80.31,65572318
12-Dec-12,12,12,12,77.54,121783130
27-Nov-12,27,11,12,83.75,133328454
27-Nov-13,27,11,13,77.2,90861841
8-Apr-10,8,4,10,34.29,143246621
25-Feb-11,25,2,11,49.52,95004483
24-Oct-12,24,10,12,88.41,139631772
8-Dec-11,8,12,11,56.0,94089051
12-Aug-11,12,8,11,53.89,132243405
27-Oct-14,27,10,14,105.03,34187701
27-Dec-10,27,12,10,46.23,62453699
1-Apr-11,1,4,11,49.66,104665400
1-Apr-13,1,4,13,62.22,97432489
26-May-10,26,5,10,35.36,212664144
1-Apr-14,1,4,14,77.07,50189685
23-Jun-14,23,6,14,91.09,43694391
4-Feb-14,4,2,14,72.39,94273543
23-Jun-10,23,6,10,38.86,192113733
4-Feb-13,4,2,13,64.07,119278754
4-Feb-10,4,2,10,27.81,189412762
4-Feb-11,4,2,11,49.3,80459575
24-Feb-11,24,2,11,48.95,124974514
6-Aug-12,6,8,12,88.57,75580008
20-May-10,20,5,10,34.28,320728737
26-Oct-11,26,10,11,57.07,114074982
14-Jan-14,14,1,14,77.47,83734371
22-Sep-10,22,9,10,40.75,146353774
16-Feb-10,16,2,10,28.95,135987761
14-Jan-13,14,1,13,71.8,183544396
16-Feb-12,16,2,12,70.9,236137405
14-Jan-11,14,1,11,49.55,77209748
17-Jul-14,17,7,14,93.99,57298243
11-May-11,11,5,11,49.69,84018683
12-Jan-10,12,1,10,29.75,148614774
8-Feb-10,8,2,10,27.92,119567119
17-Jul-13,17,7,13,61.44,49764064
17-Jul-12,17,7,12,86.87,73453037
18-Feb-14,18,2,14,78.17,65306248
5-Mar-13,5,3,13,61.02,159607042
18-Feb-10,18,2,10,28.9,105706111
18-Feb-11,18,2,11,50.65,204011724
18-Mar-10,18,3,10,32.01,85527113
5-Mar-14,5,3,14,75.97,50065519
20-Aug-14,20,8,14,100.51,52699192
20-Aug-13,20,8,13,72.22,89671743
20-Aug-12,20,8,12,93.94,153345689
15-Aug-12,15,8,12,90.14,64377278
6-May-10,6,5,10,34.2,321464892
27-Mar-14,27,3,14,76.93,55507676
6-May-13,6,5,13,65.46,124160162
6-May-14,6,5,14,85.54,93641373
27-Mar-13,27,3,13,64.86,82852294
27-Mar-12,27,3,12,87.25,151782141
18-Nov-14,18,11,14,114.75,44223978
24-Mar-10,24,3,10,32.67,149570232
10-Feb-14,10,2,14,74.91,86451022
10-Feb-12,10,2,12,70.38,157824975
18-Nov-11,18,11,11,53.88,93018765
10-Feb-10,10,2,10,27.92,92590218
18-Nov-13,18,11,13,74.61,61236224
16-Apr-14,16,4,14,74.01,53732994
4-Aug-11,4,8,11,54.84,217851424
22-Dec-10,22,12,10,46.38,66536029
24-Oct-11,24,10,11,57.28,125589044
16-Apr-10,16,4,10,35.42,187635966
16-Apr-12,16,4,12,84.96,262696056
16-Apr-13,16,4,13,60.53,76442758
2-May-11,2,5,11,49.71,110678246
28-Jan-11,28,1,11,48.51,148014146
16-Aug-12,16,8,12,90.53,63694204
16-Aug-13,16,8,13,71.58,90575856
29-Nov-12,29,11,12,84.25,128674525
29-Nov-13,29,11,13,78.99,79532215
30-Apr-14,30,4,14,84.71,114220883
2-Dec-10,2,12,10,45.34,115912916
2-Dec-13,2,12,13,79.44,118135885
13-Feb-12,13,2,12,71.54,129301606
4-Apr-12,4,4,12,88.98,143245095
4-Apr-13,4,4,13,61.49,89664638
21-May-14,21,5,14,86.39,49249914
4-Apr-11,4,4,11,48.88,115020542
4-Jun-12,4,6,12,80.06,139247129
4-Jun-13,4,6,13,64.44,73181521
4-Apr-14,4,4,14,76.51,68812485
10-Oct-11,10,10,11,54.82,110628287
31-Aug-11,31,8,11,55.33,130688894
10-Oct-13,10,10,13,70.02,69650490
10-Oct-12,10,10,12,91.52,127588930
10-Oct-14,10,10,14,100.94,66331592
31-Aug-10,31,8,10,34.64,105196602
15-Mar-10,15,3,10,31.96,123375091
15-Mar-11,15,3,11,49.13,180262334
15-Mar-12,15,3,12,84.42,289917768
15-Mar-13,15,3,13,62.97,160989787
4-Oct-11,4,10,11,52.97,308418887
25-Nov-11,25,11,11,52.37,63689801
27-Jan-14,27,1,14,78.61,144219152
9-Feb-11,9,2,11,50.98,120686090
27-Jan-10,27,1,10,29.46,430642030
27-Jan-11,27,1,11,49.09,71255961
27-Jan-12,27,1,12,63.71,74971631
30-Dec-09,30,12,9,30.03,103020708
8-Jun-12,8,6,12,82.2,86872870
5-Jan-10,5,1,10,30.64,150476004
28-Oct-14,28,10,14,106.06,48060949
5-Jan-12,5,1,12,59.43,67816805
28-Oct-13,28,10,13,75.47,137610123
28-Oct-10,28,10,10,43.65,137761540
28-Oct-11,28,10,11,57.74,80709748
7-Aug-14,7,8,14,94.86,46711179
24-Aug-10,24,8,10,34.44,150638208
22-Mar-11,22,3,11,48.77,81558162
7-Aug-13,7,8,13,66.34,74713968
7-Aug-12,7,8,12,88.81,72627492
6-Nov-14,6,11,14,108.47,34968457
4-Oct-10,4,10,10,40.03,108824968
6-Nov-12,6,11,12,83.71,93729041
6-Nov-13,6,11,13,74.58,55844152
22-Jun-11,22,6,11,46.39,97645436
22-Jun-10,22,6,10,39.05,179314996
3-Jan-13,3,1,13,77.88,88240950
3-Jan-12,3,1,12,58.65,75564699
3-Jan-11,3,1,11,46.8,111280407
26-Aug-11,26,8,11,53.91,160368761
9-Jun-10,9,6,10,35.32,213657171
3-Jan-14,3,1,14,78.14,98303870
29-Jan-14,29,1,14,71.81,125942796
29-Jan-13,29,1,13,65.32,142768017
21-Aug-12,21,8,12,94.71,203176260
23-Jan-12,23,1,12,60.75,76515446
27-Aug-10,27,8,10,34.34,137146576
15-Apr-14,15,4,14,73.97,66622577
15-Apr-11,15,4,11,47.19,113458247
17-May-10,17,5,10,36.17,190708252
15-Apr-13,15,4,13,60.51,79379706
22-Aug-14,22,8,14,100.82,44183834
11-Nov-13,11,11,13,74.11,56863303
24-May-11,24,5,11,47.68,80520650
11-Nov-11,11,11,11,55.01,163446017
21-Jan-11,21,1,11,47.21,188599712
12-Mar-10,12,3,10,32.41,104080620
11-Nov-14,11,11,14,109.14,27442252
19-Jul-13,19,7,13,61.3,67194715
19-Jul-12,19,7,12,87.39,109214567
19-Jul-11,19,7,11,53.81,204786344
8-Feb-11,8,2,11,50.59,95259906
21-Oct-13,21,10,13,73.89,99526945
2-Feb-10,2,2,10,27.91,174585313
15-Sep-11,15,9,11,56.0,104454581
20-Jun-11,20,6,11,45.04,160161274
15-Nov-13,15,11,13,75.19,79479764
15-Nov-12,15,11,12,75.9,197477385
15-Nov-11,15,11,11,54.95,107744812
15-Nov-10,15,11,10,44.01,100900954
23-Sep-14,23,9,14,101.68,63402196
23-Sep-11,23,9,11,57.54,136620610
20-Jun-13,20,6,13,59.9,89374558
23-Sep-13,23,9,13,70.22,190526525
17-Aug-12,17,8,12,91.97,110689894
15-Jan-10,15,1,10,29.8,148584065
15-Jan-13,15,1,13,70.23,219192932
30-May-13,30,5,13,64.15,88428648
15-Jan-14,15,1,14,79.38,98472619
7-Oct-11,7,10,11,53.28,133904162
3-Oct-13,3,10,13,69.54,80688503
23-Feb-10,23,2,10,28.36,143828223
9-Apr-12,9,4,12,90.27,149384046
23-Feb-12,23,2,12,73.53,142006312
11-Jul-12,11,7,12,86.27,117329366
25-Aug-10,25,8,10,34.37,149216228
15-Jul-13,15,7,13,61.03,60543105
12-Jun-12,12,6,12,81.93,108894961
18-Jun-13,18,6,13,61.73,48790448
12-Jun-14,12,6,14,93.09,54748791
18-Dec-09,18,12,9,27.74,152192516
28-Jan-10,28,1,10,28.88,293375376
4-May-10,4,5,10,37.2,180954830
22-May-12,22,5,12,80.46,173696754
9-Nov-10,9,11,10,45.46,95928805
7-Mar-12,7,3,12,76.02,199629549
7-Mar-13,7,3,13,61.0,117117826
13-Jul-12,13,7,12,86.25,77904449
20-Jul-12,20,7,12,86.98,99367450
7-Mar-14,7,3,14,75.7,55415241
20-Jul-10,20,7,10,35.28,268737511
4-Mar-10,4,3,10,29.98,91509936
12-Jul-12,12,7,12,85.55,106997163
12-Jul-13,12,7,13,60.98,69910463
12-Jul-10,12,7,10,36.88,140719236
4-Nov-11,4,11,11,57.32,75556992
14-Mar-13,14,3,13,61.8,75968746
9-Feb-10,9,2,10,28.03,158221028
5-Aug-10,5,8,10,37.4,72340618
16-May-12,16,5,12,78.5,140223874
19-Jul-10,19,7,10,35.18,256124484
9-Jun-11,9,6,11,47.47,68841199
9-May-14,9,5,14,83.45,72899498
9-Sep-11,9,9,11,54.37,141269408
9-May-11,9,5,11,49.69,51188151
9-Jun-14,9,6,14,93.01,75414804
9-May-13,9,5,13,65.54,99687476
9-May-12,9,5,12,80.99,120175923
25-Jun-12,25,6,12,82.08,76088656
3-Aug-10,3,8,10,37.34,104413218
27-Oct-11,27,10,11,57.97,123713317
23-Nov-10,23,11,10,44.2,129861284
22-Feb-12,22,2,12,73.24,120823808
5-Aug-13,5,8,13,66.67,79713592
15-Dec-10,15,12,10,45.8,104327314
5-Aug-11,5,8,11,53.58,301140350
8-Dec-10,8,12,10,45.67,80483501
5-Oct-10,5,10,10,40.79,125491450
14-Sep-10,14,9,10,38.18,102037313
5-Aug-14,5,8,14,95.13,55932663
17-May-11,17,5,11,47.68,113196657
3-Sep-13,3,9,13,70.34,83025166
3-Sep-10,3,9,10,36.69,130197067
29-Dec-10,29,12,10,46.54,40817672
22-Nov-10,22,11,10,44.26,98268492
3-Sep-14,3,9,14,100.95,125420521
27-Jun-11,27,6,11,47.17,84989933
31-Dec-12,31,12,12,74.54,164872785
31-Dec-13,31,12,13,79.66,55819372
31-Dec-10,31,12,10,46.08,48413827
30-Mar-12,30,3,12,86.31,182759395
23-Nov-11,23,11,11,53.01,107160445
8-Nov-12,8,11,12,78.42,264036339
27-Dec-11,27,12,11,57.92,66308613
17-May-13,17,5,13,62.26,107019829
17-May-12,17,5,12,76.89,179304713
5-Oct-11,5,10,11,53.08,196617358
27-Jun-13,27,6,13,56.71,84350049
3-Dec-09,3,12,9,28.18,112179578
14-May-12,14,5,12,80.21,88156103
24-Apr-13,24,4,13,57.38,242458391
24-Apr-12,24,4,12,80.2,269099838
2-Feb-11,2,2,11,49.2,64738807
24-Apr-14,24,4,14,80.95,189978082
5-Jul-13,5,7,13,59.88,68520760
20-Jun-12,20,6,12,83.72,89789644
17-Sep-13,17,9,13,64.66,99844773
19-Sep-12,19,9,12,100.21,81715004
19-Oct-12,19,10,12,88.65,186021017
19-Oct-10,19,10,10,43.81,308189833
9-Sep-13,9,9,13,72.23,85171583
5-Sep-12,5,9,12,96.13,84090475
25-Jan-13,25,1,13,63.67,301993503
17-Oct-14,17,10,14,97.75,68179688
11-Jan-12,11,1,12,60.26,53798059
31-Oct-14,31,10,14,107.81,44639285
30-Nov-10,30,11,10,44.64,125463303
24-Oct-14,24,10,14,105.11,47053916
31-Oct-12,31,10,12,85.0,127500471
31-Oct-13,31,10,13,74.88,68923785
2-May-14,2,5,14,84.6,47878572
23-Jul-13,23,7,13,60.38,92348403
7-Nov-13,7,11,13,73.84,65655100
7-Nov-12,7,11,12,80.79,198412186
23-Nov-12,23,11,12,81.19,68206579
30-Aug-13,30,8,13,69.95,68100788
23-Jul-14,23,7,14,96.42,92917719
2-May-13,2,5,13,63.45,105506184
24-Sep-10,24,9,10,41.73,162371804
8-Oct-14,8,10,14,99.75,57404674
30-Jul-14,30,7,14,98.24,33010001
7-Jan-14,7,1,14,77.44,79432766
24-Sep-14,24,9,14,101.99,60171828
30-Jul-13,30,7,13,64.63,77355565
8-Oct-13,8,10,13,69.36,72729006
8-Oct-12,8,10,12,91.74,159494867
12-Apr-10,12,4,10,34.62,83303836
12-Apr-11,12,4,11,47.39,106627080
12-Apr-12,12,4,12,89.27,153582163
12-Apr-13,12,4,13,61.69,59681279
16-Nov-10,16,11,10,43.36,164737342
30-Nov-11,30,11,11,54.43,101516702
2-Oct-13,2,10,13,69.67,72295902
21-Dec-12,21,12,12,73.63,149129554
21-Dec-11,21,12,11,56.52,65736678
21-Dec-10,21,12,10,46.2,64087884
24-May-13,24,5,13,63.29,69106639
2-Oct-14,2,10,14,99.36,47757828
29-May-14,29,5,14,90.28,94118633
16-Dec-09,16,12,9,27.9,88279674
29-May-12,29,5,12,81.52,95126346
29-May-13,29,5,13,63.28,82695669
26-Sep-11,26,9,11,57.08,203218862
28-Sep-10,28,9,10,40.91,258760411
28-Sep-11,28,9,11,57.05,107463181
28-Sep-12,28,9,12,96.2,133777077
3-Feb-12,3,2,12,65.45,71717009
14-Aug-14,14,8,14,97.3,28115566
5-Nov-10,5,11,10,45.41,90313265
6-Sep-11,6,9,11,53.35,127424129
6-Sep-13,6,9,13,70.93,89881253
14-Aug-13,14,8,13,71.22,189092911
22-Jan-13,22,1,13,71.92,115386173
3-Feb-10,3,2,10,28.18,153831769
22-Jan-14,22,1,14,78.84,95219334
20-Apr-10,20,4,10,35.19,184580977
14-Sep-12,14,9,12,98.79,150118311
14-Sep-11,14,9,11,55.51,133680848
19-Nov-12,19,11,12,79.06,205792965
17-Jun-14,17,6,14,92.22,29726347
4-Dec-13,4,12,13,80.73,94452666
4-Dec-12,4,12,12,82.55,139482392
17-Jun-11,17,6,11,46.35,153872649
17-Jun-10,17,6,10,38.75,218365231
29-Jul-14,29,7,14,98.85,43143095
19-Nov-10,19,11,10,43.87,96210793
29-Jul-10,29,7,10,37.05,160951385
29-Jul-11,29,7,11,55.62,158145890
29-Jul-13,29,7,13,63.53,62110300
12-Mar-12,12,3,12,78.57,101820019
18-Oct-10,18,10,10,45.35,276114391
18-Oct-13,18,10,13,72.49,72635570
18-Oct-12,18,10,12,90.87,119155512
30-Aug-10,30,8,10,34.63,95821894
18-Aug-10,18,8,10,36.13,84923923
18-Aug-11,18,8,11,52.53,212858289
18-Aug-14,18,8,14,98.75,47572413
4-Jan-12,4,1,12,58.84,65061108
1-May-14,1,5,14,84.45,61052418
4-Jan-10,4,1,10,30.51,123432050
4-Jan-11,4,1,11,47.3,77337001
15-May-13,15,5,13,61.84,185403085
1-May-13,1,5,13,62.97,126788697
1-May-12,1,5,12,83.75,152749513
19-Oct-11,19,10,11,57.37,275998093
12-Oct-11,12,10,11,57.82,155570982
18-Jul-11,18,7,11,52.83,143157623
9-Dec-09,9,12,9,27.77,171195185
20-Apr-12,20,4,12,83.19,257743808
15-May-14,15,5,14,84.58,57711731
18-Apr-13,18,4,13,56.88,166574163
19-Sep-11,19,9,11,57.75,205964780
27-Jul-12,27,7,12,82.77,101013241
27-Apr-11,27,4,11,50.07,89052887
28-Jun-11,28,6,11,47.82,73574907
28-Jun-10,28,6,10,38.2,146358254
28-Jun-13,28,6,13,56.32,144659417
28-Jun-12,28,6,12,81.44,70760543
23-Aug-12,23,8,12,94.99,105029568
23-Aug-13,23,8,13,71.68,55682221
23-Aug-10,23,8,10,35.53,103516812
23-Aug-11,23,8,11,52.3,164208576
27-Jul-10,27,7,10,37.51,146192641
14-Nov-11,14,11,11,54.51,108265507
10-Aug-10,10,8,10,37.05,112979405
10-Aug-11,10,8,11,52.57,219662296
10-Aug-12,10,8,12,88.6,48765045
27-Jul-11,27,7,11,56.71,164830470
14-Dec-11,14,12,11,54.71,101788680
14-Nov-12,14,11,12,77.36,119291977
16-Feb-11,16,2,11,51.76,120288833
26-Jun-13,26,6,13,57.23,91986573
26-Jun-12,26,6,12,81.61,69187503
25-Oct-13,25,10,13,75.56,84448133
25-Oct-12,25,10,12,87.75,164081393
14-Jan-10,14,1,10,29.97,108288411
26-Jun-14,26,6,14,90.53,32629359
17-Apr-13,17,4,13,58.63,236263461
17-Apr-12,17,4,12,84.66,256371472
17-Apr-14,17,4,14,74.71,71106721
15-Sep-10,15,9,10,38.45,107341570
17-Aug-10,17,8,10,35.93,105662221
1-Mar-10,1,3,10,29.63,137523183
28-Jul-10,28,7,10,37.53,129996090
15-Jun-10,15,6,10,36.81,146268297
16-Jun-14,16,6,14,91.98,35561270
29-Feb-12,29,2,12,77.41,238000378
19-Sep-13,19,9,13,67.43,101134712
16-Jun-10,16,6,10,37.74,195922370
1-Mar-12,1,3,12,77.84,170813188
3-May-13,3,5,13,64.41,90381788
3-May-12,3,5,12,83.72,97637057
3-May-11,3,5,11,49.7,78390249
15-Feb-12,15,2,12,72.68,376528040
9-Aug-13,9,8,13,65.26,66905209
25-Aug-14,25,8,14,101.7,40270173
9-Aug-11,9,8,11,52.32,270645704
7-Jan-11,7,1,11,47.8,77982212
3-Apr-13,3,4,13,61.82,90803727
18-Apr-12,18,4,12,87.32,238632471
18-Mar-14,18,3,14,75.52,52411863
18-Mar-13,18,3,13,64.13,151549090
18-Mar-11,18,3,11,47.71,188302604
3-Apr-14,3,4,14,77.16,40648111
31-Oct-11,31,10,11,57.77,96406303
20-May-11,20,5,11,48.24,84547708
18-Apr-11,18,4,11,46.8,152474427
26-Nov-10,26,11,10,44.98,59436237
5-Mar-10,5,3,10,31.01,224904603
5-Mar-12,5,3,12,76.86,202280183
15-Aug-14,15,8,14,97.73,48951331
15-Aug-13,15,8,13,70.92,122573507
20-Oct-14,20,10,14,99.06,77517279
15-Aug-11,15,8,11,54.5,115135468
24-Nov-14,24,11,14,117.72,47450824
2-Nov-12,2,11,12,83.73,149843064
27-Aug-14,27,8,14,101.6,52369011
6-Oct-14,6,10,14,99.91,37051182
27-Aug-12,27,8,12,96.79,106728601
27-Aug-13,27,8,13,70.55,106047109
6-Oct-11,6,10,11,53.83,203145054
7-Feb-12,7,2,12,66.73,79055263
9-Jan-12,9,1,12,60.59,98505792
2-Nov-10,2,11,10,44.06,108482437
22-Mar-10,22,3,10,31.84,114104634
20-May-14,20,5,14,86.3,58708986
30-May-14,30,5,14,90.86,141005137
20-Feb-14,20,2,14,76.07,76529103
11-Aug-11,11,8,11,53.02,185491110
2-Nov-11,2,11,11,56.9,82063667
5-May-14,5,5,14,85.08,71766758
20-Feb-13,20,2,13,64.75,119074886
11-Aug-14,11,8,14,95.54,36584844
11-Apr-11,11,4,11,47.52,99787618
30-Aug-12,30,8,12,95.32,75672793
11-Apr-13,11,4,13,62.05,82154093
11-Apr-12,11,4,12,90.09,174152769
11-Apr-14,11,4,14,74.23,67975012
10-May-10,10,5,10,35.98,246076208
7-Nov-14,7,11,14,108.91,33691535
7-Mar-11,7,3,11,51.06,136530149
23-Feb-11,23,2,11,48.74,167962942
2-May-12,2,5,12,83.3,106906016
8-Nov-10,8,11,10,45.44,70433307
8-Nov-11,8,11,11,57.79,100109842
14-May-14,14,5,14,84.84,41600846
8-Nov-13,8,11,13,73.89,69829543
27-Jun-14,27,6,14,91.39,64028803
14-May-13,14,5,13,64.11,111778940
14-May-10,14,5,10,36.25,189840357
25-Jan-12,25,1,12,64.26,239565837
10-Sep-13,10,9,13,71.35,185798872
25-Jan-10,25,1,10,28.95,266424802
25-Jan-11,25,1,11,48.35,136716650
9-Apr-10,9,4,10,34.48,83545644
9-Dec-10,9,12,10,45.84,73536526
3-Feb-14,3,2,14,71.83,100620772
5-Jul-12,5,7,12,86.58,121095121
24-Sep-12,24,9,12,98.42,159936196
3-Feb-11,3,2,11,48.93,98449148
14-Jul-11,14,7,11,51.31,107633155
19-Nov-13,19,11,13,74.28,52234707
19-May-14,19,5,14,85.97,79439024
24-Sep-13,24,9,13,70.26,91085743
19-May-11,19,5,11,48.7,65291310
19-May-10,19,5,10,35.56,256431406
19-Nov-14,19,11,14,114.91,41869160
29-Aug-14,29,8,14,102.62,44595247
7-Jan-13,7,1,13,74.65,121038176
18-Jul-12,18,7,12,86.6,63174888
18-Jul-13,18,7,13,61.81,54760818
18-Jul-14,18,7,14,93.95,49987593
24-Jun-13,24,6,13,57.74,120186430
29-Aug-12,29,8,12,96.39,50701084
29-Aug-13,29,8,13,70.39,59913714
1-Dec-09,1,12,9,28.53,116440583
15-Jun-11,15,6,11,46.85,99851885
28-Nov-12,28,11,12,82.8,130264981
28-Nov-11,28,11,11,53.41,86660854
15-Jun-12,15,6,12,81.76,83813380
30-Nov-09,30,11,9,28.63,106213926
28-Apr-14,28,4,14,83.4,167371680
29-Mar-11,29,3,11,49.85,88224955
6-Jul-11,6,7,11,50.05,111156241
28-Apr-11,28,4,11,49.58,90297123
28-Apr-10,28,4,10,37.33,189599970
19-Aug-10,19,8,10,35.89,106676227
20-Aug-10,20,8,10,35.78,96057206
29-Jan-10,29,1,10,28.06,311487785
24-Jun-11,24,6,11,47.0,109981312
14-Dec-12,14,12,12,73.16,252394499
14-Apr-14,14,4,14,74.39,51445177
14-Dec-10,14,12,10,45.84,87891762
24-Jun-14,24,6,14,90.74,39036087
14-Apr-10,14,4,10,35.03,101018554
14-Apr-11,14,4,11,47.69,75497401
